r3k2r/p1ppqpb1/bn2pnp1/3PN3/1p2P3/2N2Q1p/PPPBBPPP/R3K2R w KQkq - 0 1	a1b1 a1c1 a1d1 a2a3 a2a4 b2b3 c3a4 c3b1 c3b5 c3d1 d2c1 d2e3 d2f4 d2g5 d2h6 d5d6 d5e6 e1c1 e1d1 e1f1 e1g1 e2a6 e2b5 e2c4 e2d1 e2d3 e2f1 e5c4 e5c6 e5d3 e5d7 e5f7 e5g4 e5g6 f3d3 f3e3 f3f4 f3f5 f3f6 f3g3 f3g4 f3h3 f3h5 g2g3 g2g4 g2h3 h1f1 h1g1	-	-
r3k2r/p1ppqpb1/bn2pnp1/3PN3/1p2P3/2N2Q1p/PPPBBPPP/R3K2R w KQkq - 0 1	a1b1 a1c1 a1d1 a2a3 a2a4 b2b3 c3a4 c3b1 c3b5 c3d1 d2c1 d2e3 d2f4 d2g5 d2h6 d5d6 d5e6 e1c1 e1d1 e1f1 e1g1 e2a6 e2b5 e2c4 e2d1 e2d3 e2f1 e5c4 e5c6 e5d3 e5d7 e5f7 e5g4 e5g6 f3d3 f3e3 f3f4 f3f5 f3f6 f3g3 f3g4 f3h3 f3h5 g2g3 g2g4 g2h3 h1f1 h1g1	e5f7	r3k2r/p1ppqNb1/bn2pnp1/3P4/1p2P3/2N2Q1p/PPPBBPPP/R3K2R b KQkq - 0 1
r3k2r/p1ppqpb1/bn2pnp1/3PN3/1p2P3/2N2Q1p/PPPBBPPP/R3K2R w KQkq - 0 1	a1b1 a1c1 a1d1 a2a3 a2a4 b2b3 c3a4 c3b1 c3b5 c3d1 d2c1 d2e3 d2f4 d2g5 d2h6 d5d6 d5e6 e1c1 e1d1 e1f1 e1g1 e2a6 e2b5 e2c4 e2d1 e2d3 e2f1 e5c4 e5c6 e5d3 e5d7 e5f7 e5g4 e5g6 f3d3 f3e3 f3f4 f3f5 f3f6 f3g3 f3g4 f3h3 f3h5 g2g3 g2g4 g2h3 h1f1 h1g1	e5d7	r3k2r/p1pNqpb1/bn2pnp1/3P4/1p2P3/2N2Q1p/PPPBBPPP/R3K2R b KQkq - 0 1
r3k2r/p1ppqpb1/bn2pnp1/3PN3/1p2P3/2N2Q1p/PPPBBPPP/R3K2R w KQkq - 0 1	a1b1 a1c1 a1d1 a2a3 a2a4 b2b3 c3a4 c3b1 c3b5 c3d1 d2c1 d2e3 d2f4 d2g5 d2h6 d5d6 d5e6 e1c1 e1d1 e1f1 e1g1 e2a6 e2b5 e2c4 e2d1 e2d3 e2f1 e5c4 e5c6 e5d3 e5d7 e5f7 e5g4 e5g6 f3d3 f3e3 f3f4 f3f5 f3f6 f3g3 f3g4 f3h3 f3h5 g2g3 g2g4 g2h3 h1f1 h1g1	e5g6	r3k2r/p1ppqpb1/bn2pnN1/3P4/1p2P3/2N2Q1p/PPPBBPPP/R3K2R b KQkq - 0 1
r3k2r/p1ppqpb1/bn2pnp1/3PN3/1p2P3/2N2Q1p/PPPBBPPP/R3K2R w KQkq - 0 1	a1b1 a1c1 a1d1 a2a3 a2a4 b2b3 c3a4 c3b1 c3b5 c3d1 d2c1 d2e3 d2f4 d2g5 d2h6 d5d6 d5e6 e1c1 e1d1 e1f1 e1g1 e2a6 e2b5 e2c4 e2d1 e2d3 e2f1 e5c4 e5c6 e5d3 e5d7 e5f7 e5g4 e5g6 f3d3 f3e3 f3f4 f3f5 f3f6 f3g3 f3g4 f3h3 f3h5 g2g3 g2g4 g2h3 h1f1 h1g1	e5c6	r3k2r/p1ppqpb1/bnN1pnp1/3P4/1p2P3/2N2Q1p/PPPBBPPP/R3K2R b KQkq - 1 1
r3k2r/p1ppqpb1/bn2pnp1/3PN3/1p2P3/2N2Q1p/PPPBBPPP/R3K2R w KQkq - 0 1	a1b1 a1c1 a1d1 a2a3 a2a4 b2b3 c3a4 c3b1 c3b5 c3d1 d2c1 d2e3 d2f4 d2g5 d2h6 d5d6 d5e6 e1c1 e1d1 e1f1 e1g1 e2a6 e2b5 e2c4 e2d1 e2d3 e2f1 e5c4 e5c6 e5d3 e5d7 e5f7 e5g4 e5g6 f3d3 f3e3 f3f4 f3f5 f3f6 f3g3 f3g4 f3h3 f3h5 g2g3 g2g4 g2h3 h1f1 h1g1	e5g4	r3k2r/p1ppqpb1/bn2pnp1/3P4/1p2P1N1/2N2Q1p/PPPBBPPP/R3K2R b KQkq - 1 1
r3k2r/p1ppqpb1/bn2pnp1/3PN3/1p2P3/2N2Q1p/PPPBBPPP/R3K2R w KQkq - 0 1	a1b1 a1c1 a1d1 a2a3 a2a4 b2b3 c3a4 c3b1 c3b5 c3d1 d2c1 d2e3 d2f4 d2g5 d2h6 d5d6 d5e6 e1c1 e1d1 e1f1 e1g1 e2a6 e2b5 e2c4 e2d1 e2d3 e2f1 e5c4 e5c6 e5d3 e5d7 e5f7 e5g4 e5g6 f3d3 f3e3 f3f4 f3f5 f3f6 f3g3 f3g4 f3h3 f3h5 g2g3 g2g4 g2h3 h1f1 h1g1	e5c4	r3k2r/p1ppqpb1/bn2pnp1/3P4/1pN1P3/2N2Q1p/PPPBBPPP/R3K2R b KQkq - 1 1
r3k2r/p1ppqpb1/bn2pnp1/3PN3/1p2P3/2N2Q1p/PPPBBPPP/R3K2R w KQkq - 0 1	a1b1 a1c1 a1d1 a2a3 a2a4 b2b3 c3a4 c3b1 c3b5 c3d1 d2c1 d2e3 d2f4 d2g5 d2h6 d5d6 d5e6 e1c1 e1d1 e1f1 e1g1 e2a6 e2b5 e2c4 e2d1 e2d3 e2f1 e5c4 e5c6 e5d3 e5d7 e5f7 e5g4 e5g6 f3d3 f3e3 f3f4 f3f5 f3f6 f3g3 f3g4 f3h3 f3h5 g2g3 g2g4 g2h3 h1f1 h1g1	e5d3	r3k2r/p1ppqpb1/bn2pnp1/3P4/1p2P3/2NN1Q1p/PPPBBPPP/R3K2R b KQkq - 1 1
r3k2r/p1ppqpb1/bn2pnp1/3PN3/1p2P3/2N2Q1p/PPPBBPPP/R3K2R w KQkq - 0 1	a1b1 a1c1 a1d1 a2a3 a2a4 b2b3 c3a4 c3b1 c3b5 c3d1 d2c1 d2e3 d2f4 d2g5 d2h6 d5d6 d5e6 e1c1 e1d1 e1f1 e1g1 e2a6 e2b5 e2c4 e2d1 e2d3 e2f1 e5c4 e5c6 e5d3 e5d7 e5f7 e5g4 e5g6 f3d3 f3e3 f3f4 f3f5 f3f6 f3g3 f3g4 f3h3 f3h5 g2g3 g2g4 g2h3 h1f1 h1g1	f3f6	r3k2r/p1ppqpb1/bn2pQp1/3PN3/1p2P3/2N4p/PPPBBPPP/R3K2R b KQkq - 0 1
r3k2r/p1ppqpb1/bn2pnp1/3PN3/1p2P3/2N2Q1p/PPPBBPPP/R3K2R w KQkq - 0 1	a1b1 a1c1 a1d1 a2a3 a2a4 b2b3 c3a4 c3b1 c3b5 c3d1 d2c1 d2e3 d2f4 d2g5 d2h6 d5d6 d5e6 e1c1 e1d1 e1f1 e1g1 e2a6 e2b5 e2c4 e2d1 e2d3 e2f1 e5c4 e5c6 e5d3 e5d7 e5f7 e5g4 e5g6 f3d3 f3e3 f3f4 f3f5 f3f6 f3g3 f3g4 f3h3 f3h5 g2g3 g2g4 g2h3 h1f1 h1g1	f3h5	r3k2r/p1ppqpb1/bn2pnp1/3PN2Q/1p2P3/2N4p/PPPBBPPP/R3K2R b KQkq - 1 1
r3k2r/p1ppqpb1/bn2pnp1/3PN3/1p2P3/2N2Q1p/PPPBBPPP/R3K2R w KQkq - 0 1	a1b1 a1c1 a1d1 a2a3 a2a4 b2b3 c3a4 c3b1 c3b5 c3d1 d2c1 d2e3 d2f4 d2g5 d2h6 d5d6 d5e6 e1c1 e1d1 e1f1 e1g1 e2a6 e2b5 e2c4 e2d1 e2d3 e2f1 e5c4 e5c6 e5d3 e5d7 e5f7 e5g4 e5g6 f3d3 f3e3 f3f4 f3f5 f3f6 f3g3 f3g4 f3h3 f3h5 g2g3 g2g4 g2h3 h1f1 h1g1	f3f5	r3k2r/p1ppqpb1/bn2pnp1/3PNQ2/1p2P3/2N4p/PPPBBPPP/R3K2R b KQkq - 1 1
r3k2r/p1ppqpb1/bn2pnp1/3PN3/1p2P3/2N2Q1p/PPPBBPPP/R3K2R w KQkq - 0 1	a1b1 a1c1 a1d1 a2a3 a2a4 b2b3 c3a4 c3b1 c3b5 c3d1 d2c1 d2e3 d2f4 d2g5 d2h6 d5d6 d5e6 e1c1 e1d1 e1f1 e1g1 e2a6 e2b5 e2c4 e2d1 e2d3 e2f1 e5c4 e5c6 e5d3 e5d7 e5f7 e5g4 e5g6 f3d3 f3e3 f3f4 f3f5 f3f6 f3g3 f3g4 f3h3 f3h5 g2g3 g2g4 g2h3 h1f1 h1g1	f3g4	r3k2r/p1ppqpb1/bn2pnp1/3PN3/1p2P1Q1/2N4p/PPPBBPPP/R3K2R b KQkq - 1 1
r3k2r/p1ppqpb1/bn2pnp1/3PN3/1p2P3/2N2Q1p/PPPBBPPP/R3K2R w KQkq - 0 1	a1b1 a1c1 a1d1 a2a3 a2a4 b2b3 c3a4 c3b1 c3b5 c3d1 d2c1 d2e3 d2f4 d2g5 d2h6 d5d6 d5e6 e1c1 e1d1 e1f1 e1g1 e2a6 e2b5 e2c4 e2d1 e2d3 e2f1 e5c4 e5c6 e5d3 e5d7 e5f7 e5g4 e5g6 f3d3 f3e3 f3f4 f3f5 f3f6 f3g3 f3g4 f3h3 f3h5 g2g3 g2g4 g2h3 h1f1 h1g1	f3f4	r3k2r/p1ppqpb1/bn2pnp1/3PN3/1p2PQ2/2N4p/PPPBBPPP/R3K2R b KQkq - 1 1
r3k2r/p1ppqpb1/bn2pnp1/3PN3/1p2P3/2N2Q1p/PPPBBPPP/R3K2R w KQkq - 0 1	a1b1 a1c1 a1d1 a2a3 a2a4 b2b3 c3a4 c3b1 c3b5 c3d1 d2c1 d2e3 d2f4 d2g5 d2h6 d5d6 d5e6 e1c1 e1d1 e1f1 e1g1 e2a6 e2b5 e2c4 e2d1 e2d3 e2f1 e5c4 e5c6 e5d3 e5d7 e5f7 e5g4 e5g6 f3d3 f3e3 f3f4 f3f5 f3f6 f3g3 f3g4 f3h3 f3h5 g2g3 g2g4 g2h3 h1f1 h1g1	f3h3	r3k2r/p1ppqpb1/bn2pnp1/3PN3/1p2P3/2N4Q/PPPBBPPP/R3K2R b KQkq - 0 1
r3k2r/p1ppqpb1/bn2pnp1/3PN3/1p2P3/2N2Q1p/PPPBBPPP/R3K2R w KQkq - 0 1	a1b1 a1c1 a1d1 a2a3 a2a4 b2b3 c3a4 c3b1 c3b5 c3d1 d2c1 d2e3 d2f4 d2g5 d2h6 d5d6 d5e6 e1c1 e1d1 e1f1 e1g1 e2a6 e2b5 e2c4 e2d1 e2d3 e2f1 e5c4 e5c6 e5d3 e5d7 e5f7 e5g4 e5g6 f3d3 f3e3 f3f4 f3f5 f3f6 f3g3 f3g4 f3h3 f3h5 g2g3 g2g4 g2h3 h1f1 h1g1	f3g3	r3k2r/p1ppqpb1/bn2pnp1/3PN3/1p2P3/2N3Qp/PPPBBPPP/R3K2R b KQkq - 1 1
r3k2r/p1ppqpb1/bn2pnp1/3PN3/1p2P3/2N2Q1p/PPPBBPPP/R3K2R w KQkq - 0 1	a1b1 a1c1 a1d1 a2a3 a2a4 b2b3 c3a4 c3b1 c3b5 c3d1 d2c1 d2e3 d2f4 d2g5 d2h6 d5d6 d5e6 e1c1 e1d1 e1f1 e1g1 e2a6 e2b5 e2c4 e2d1 e2d3 e2f1 e5c4 e5c6 e5d3 e5d7 e5f7 e5g4 e5g6 f3d3 f3e3 f3f4 f3f5 f3f6 f3g3 f3g4 f3h3 f3h5 g2g3 g2g4 g2h3 h1f1 h1g1	f3e3	r3k2r/p1ppqpb1/bn2pnp1/3PN3/1p2P3/2N1Q2p/PPPBBPPP/R3K2R b KQkq - 1 1
r3k2r/p1ppqpb1/bn2pnp1/3PN3/1p2P3/2N2Q1p/PPPBBPPP/R3K2R w KQkq - 0 1	a1b1 a1c1 a1d1 a2a3 a2a4 b2b3 c3a4 c3b1 c3b5 c3d1 d2c1 d2e3 d2f4 d2g5 d2h6 d5d6 d5e6 e1c1 e1d1 e1f1 e1g1 e2a6 e2b5 e2c4 e2d1 e2d3 e2f1 e5c4 e5c6 e5d3 e5d7 e5f7 e5g4 e5g6 f3d3 f3e3 f3f4 f3f5 f3f6 f3g3 f3g4 f3h3 f3h5 g2g3 g2g4 g2h3 h1f1 h1g1	f3d3	r3k2r/p1ppqpb1/bn2pnp1/3PN3/1p2P3/2NQ3p/PPPBBPPP/R3K2R b KQkq - 1 1
r3k2r/p1ppqpb1/bn2pnp1/3PN3/1p2P3/2N2Q1p/PPPBBPPP/R3K2R w KQkq - 0 1	a1b1 a1c1 a1d1 a2a3 a2a4 b2b3 c3a4 c3b1 c3b5 c3d1 d2c1 d2e3 d2f4 d2g5 d2h6 d5d6 d5e6 e1c1 e1d1 e1f1 e1g1 e2a6 e2b5 e2c4 e2d1 e2d3 e2f1 e5c4 e5c6 e5d3 e5d7 e5f7 e5g4 e5g6 f3d3 f3e3 f3f4 f3f5 f3f6 f3g3 f3g4 f3h3 f3h5 g2g3 g2g4 g2h3 h1f1 h1g1	c3b5	r3k2r/p1ppqpb1/bn2pnp1/1N1PN3/1p2P3/5Q1p/PPPBBPPP/R3K2R b KQkq - 1 1
r3k2r/p1ppqpb1/bn2pnp1/3PN3/1p2P3/2N2Q1p/PPPBBPPP/R3K2R w KQkq - 0 1	a1b1 a1c1 a1d1 a2a3 a2a4 b2b3 c3a4 c3b1 c3b5 c3d1 d2c1 d2e3 d2f4 d2g5 d2h6 d5d6 d5e6 e1c1 e1d1 e1f1 e1g1 e2a6 e2b5 e2c4 e2d1 e2d3 e2f1 e5c4 e5c6 e5d3 e5d7 e5f7 e5g4 e5g6 f3d3 f3e3 f3f4 f3f5 f3f6 f3g3 f3g4 f3h3 f3h5 g2g3 g2g4 g2h3 h1f1 h1g1	c3a4	r3k2r/p1ppqpb1/bn2pnp1/3PN3/Np2P3/5Q1p/PPPBBPPP/R3K2R b KQkq - 1 1
r3k2r/p1ppqpb1/bn2pnp1/3PN3/1p2P3/2N2Q1p/PPPBBPPP/R3K2R w KQkq - 0 1	a1b1 a1c1 a1d1 a2a3 a2a4 b2b3 c3a4 c3b1 c3b5 c3d1 d2c1 d2e3 d2f4 d2g5 d2h6 d5d6 d5e6 e1c1 e1d1 e1f1 e1g1 e2a6 e2b5 e2c4 e2d1 e2d3 e2f1 e5c4 e5c6 e5d3 e5d7 e5f7 e5g4 e5g6 f3d3 f3e3 f3f4 f3f5 f3f6 f3g3 f3g4 f3h3 f3h5 g2g3 g2g4 g2h3 h1f1 h1g1	c3d1	r3k2r/p1ppqpb1/bn2pnp1/3PN3/1p2P3/5Q1p/PPPBBPPP/R2NK2R b KQkq - 1 1
r3k2r/p1ppqpb1/bn2pnp1/3PN3/1p2P3/2N2Q1p/PPPBBPPP/R3K2R w KQkq - 0 1	a1b1 a1c1 a1d1 a2a3 a2a4 b2b3 c3a4 c3b1 c3b5 c3d1 d2c1 d2e3 d2f4 d2g5 d2h6 d5d6 d5e6 e1c1 e1d1 e1f1 e1g1 e2a6 e2b5 e2c4 e2d1 e2d3 e2f1 e5c4 e5c6 e5d3 e5d7 e5f7 e5g4 e5g6 f3d3 f3e3 f3f4 f3f5 f3f6 f3g3 f3g4 f3h3 f3h5 g2g3 g2g4 g2h3 h1f1 h1g1	c3b1	r3k2r/p1ppqpb1/bn2pnp1/3PN3/1p2P3/5Q1p/PPPBBPPP/RN2K2R b KQkq - 1 1
r3k2r/p1ppqpb1/bn2pnp1/3PN3/1p2P3/2N2Q1p/PPPBBPPP/R3K2R w KQkq - 0 1	a1b1 a1c1 a1d1 a2a3 a2a4 b2b3 c3a4 c3b1 c3b5 c3d1 d2c1 d2e3 d2f4 d2g5 d2h6 d5d6 d5e6 e1c1 e1d1 e1f1 e1g1 e2a6 e2b5 e2c4 e2d1 e2d3 e2f1 e5c4 e5c6 e5d3 e5d7 e5f7 e5g4 e5g6 f3d3 f3e3 f3f4 f3f5 f3f6 f3g3 f3g4 f3h3 f3h5 g2g3 g2g4 g2h3 h1f1 h1g1	e2a6	r3k2r/p1ppqpb1/Bn2pnp1/3PN3/1p2P3/2N2Q1p/PPPB1PPP/R3K2R b KQkq - 0 1
r3k2r/p1ppqpb1/bn2pnp1/3PN3/1p2P3/2N2Q1p/PPPBBPPP/R3K2R w KQkq - 0 1	a1b1 a1c1 a1d1 a2a3 a2a4 b2b3 c3a4 c3b1 c3b5 c3d1 d2c1 d2e3 d2f4 d2g5 d2h6 d5d6 d5e6 e1c1 e1d1 e1f1 e1g1 e2a6 e2b5 e2c4 e2d1 e2d3 e2f1 e5c4 e5c6 e5d3 e5d7 e5f7 e5g4 e5g6 f3d3 f3e3 f3f4 f3f5 f3f6 f3g3 f3g4 f3h3 f3h5 g2g3 g2g4 g2h3 h1f1 h1g1	e2b5	r3k2r/p1ppqpb1/bn2pnp1/1B1PN3/1p2P3/2N2Q1p/PPPB1PPP/R3K2R b KQkq - 1 1
r3k2r/p1ppqpb1/bn2pnp1/3PN3/1p2P3/2N2Q1p/PPPBBPPP/R3K2R w KQkq - 0 1	a1b1 a1c1 a1d1 a2a3 a2a4 b2b3 c3a4 c3b1 c3b5 c3d1 d2c1 d2e3 d2f4 d2g5 d2h6 d5d6 d5e6 e1c1 e1d1 e1f1 e1g1 e2a6 e2b5 e2c4 e2d1 e2d3 e2f1 e5c4 e5c6 e5d3 e5d7 e5f7 e5g4 e5g6 f3d3 f3e3 f3f4 f3f5 f3f6 f3g3 f3g4 f3h3 f3h5 g2g3 g2g4 g2h3 h1f1 h1g1	e2c4	r3k2r/p1ppqpb1/bn2pnp1/3PN3/1pB1P3/2N2Q1p/PPPB1PPP/R3K2R b KQkq - 1 1
r3k2r/p1ppqpb1/bn2pnp1/3PN3/1p2P3/2N2Q1p/PPPBBPPP/R3K2R w KQkq - 0 1	a1b1 a1c1 a1d1 a2a3 a2a4 b2b3 c3a4 c3b1 c3b5 c3d1 d2c1 d2e3 d2f4 d2g5 d2h6 d5d6 d5e6 e1c1 e1d1 e1f1 e1g1 e2a6 e2b5 e2c4 e2d1 e2d3 e2f1 e5c4 e5c6 e5d3 e5d7 e5f7 e5g4 e5g6 f3d3 f3e3 f3f4 f3f5 f3f6 f3g3 f3g4 f3h3 f3h5 g2g3 g2g4 g2h3 h1f1 h1g1	e2d3	r3k2r/p1ppqpb1/bn2pnp1/3PN3/1p2P3/2NB1Q1p/PPPB1PPP/R3K2R b KQkq - 1 1
r3k2r/p1ppqpb1/bn2pnp1/3PN3/1p2P3/2N2Q1p/PPPBBPPP/R3K2R w KQkq - 0 1	a1b1 a1c1 a1d1 a2a3 a2a4 b2b3 c3a4 c3b1 c3b5 c3d1 d2c1 d2e3 d2f4 d2g5 d2h6 d5d6 d5e6 e1c1 e1d1 e1f1 e1g1 e2a6 e2b5 e2c4 e2d1 e2d3 e2f1 e5c4 e5c6 e5d3 e5d7 e5f7 e5g4 e5g6 f3d3 f3e3 f3f4 f3f5 f3f6 f3g3 f3g4 f3h3 f3h5 g2g3 g2g4 g2h3 h1f1 h1g1	e2f1	r3k2r/p1ppqpb1/bn2pnp1/3PN3/1p2P3/2N2Q1p/PPPB1PPP/R3KB1R b KQkq - 1 1
r3k2r/p1ppqpb1/bn2pnp1/3PN3/1p2P3/2N2Q1p/PPPBBPPP/R3K2R w KQkq - 0 1	a1b1 a1c1 a1d1 a2a3 a2a4 b2b3 c3a4 c3b1 c3b5 c3d1 d2c1 d2e3 d2f4 d2g5 d2h6 d5d6 d5e6 e1c1 e1d1 e1f1 e1g1 e2a6 e2b5 e2c4 e2d1 e2d3 e2f1 e5c4 e5c6 e5d3 e5d7 e5f7 e5g4 e5g6 f3d3 f3e3 f3f4 f3f5 f3f6 f3g3 f3g4 f3h3 f3h5 g2g3 g2g4 g2h3 h1f1 h1g1	e2d1	r3k2r/p1ppqpb1/bn2pnp1/3PN3/1p2P3/2N2Q1p/PPPB1PPP/R2BK2R b KQkq - 1 1
r3k2r/p1ppqpb1/bn2pnp1/3PN3/1p2P3/2N2Q1p/PPPBBPPP/R3K2R w KQkq - 0 1	a1b1 a1c1 a1d1 a2a3 a2a4 b2b3 c3a4 c3b1 c3b5 c3d1 d2c1 d2e3 d2f4 d2g5 d2h6 d5d6 d5e6 e1c1 e1d1 e1f1 e1g1 e2a6 e2b5 e2c4 e2d1 e2d3 e2f1 e5c4 e5c6 e5d3 e5d7 e5f7 e5g4 e5g6 f3d3 f3e3 f3f4 f3f5 f3f6 f3g3 f3g4 f3h3 f3h5 g2g3 g2g4 g2h3 h1f1 h1g1	d2h6	r3k2r/p1ppqpb1/bn2pnpB/3PN3/1p2P3/2N2Q1p/PPP1BPPP/R3K2R b KQkq - 1 1
r3k2r/p1ppqpb1/bn2pnp1/3PN3/1p2P3/2N2Q1p/PPPBBPPP/R3K2R w KQkq - 0 1	a1b1 a1c1 a1d1 a2a3 a2a4 b2b3 c3a4 c3b1 c3b5 c3d1 d2c1 d2e3 d2f4 d2g5 d2h6 d5d6 d5e6 e1c1 e1d1 e1f1 e1g1 e2a6 e2b5 e2c4 e2d1 e2d3 e2f1 e5c4 e5c6 e5d3 e5d7 e5f7 e5g4 e5g6 f3d3 f3e3 f3f4 f3f5 f3f6 f3g3 f3g4 f3h3 f3h5 g2g3 g2g4 g2h3 h1f1 h1g1	d2g5	r3k2r/p1ppqpb1/bn2pnp1/3PN1B1/1p2P3/2N2Q1p/PPP1BPPP/R3K2R b KQkq - 1 1
r3k2r/p1ppqpb1/bn2pnp1/3PN3/1p2P3/2N2Q1p/PPPBBPPP/R3K2R w KQkq - 0 1	a1b1 a1c1 a1d1 a2a3 a2a4 b2b3 c3a4 c3b1 c3b5 c3d1 d2c1 d2e3 d2f4 d2g5 d2h6 d5d6 d5e6 e1c1 e1d1 e1f1 e1g1 e2a6 e2b5 e2c4 e2d1 e2d3 e2f1 e5c4 e5c6 e5d3 e5d7 e5f7 e5g4 e5g6 f3d3 f3e3 f3f4 f3f5 f3f6 f3g3 f3g4 f3h3 f3h5 g2g3 g2g4 g2h3 h1f1 h1g1	d2f4	r3k2r/p1ppqpb1/bn2pnp1/3PN3/1p2PB2/2N2Q1p/PPP1BPPP/R3K2R b KQkq - 1 1
r3k2r/p1ppqpb1/bn2pnp1/3PN3/1p2P3/2N2Q1p/PPPBBPPP/R3K2R w KQkq - 0 1	a1b1 a1c1 a1d1 a2a3 a2a4 b2b3 c3a4 c3b1 c3b5 c3d1 d2c1 d2e3 d2f4 d2g5 d2h6 d5d6 d5e6 e1c1 e1d1 e1f1 e1g1 e2a6 e2b5 e2c4 e2d1 e2d3 e2f1 e5c4 e5c6 e5d3 e5d7 e5f7 e5g4 e5g6 f3d3 f3e3 f3f4 f3f5 f3f6 f3g3 f3g4 f3h3 f3h5 g2g3 g2g4 g2h3 h1f1 h1g1	d2e3	r3k2r/p1ppqpb1/bn2pnp1/3PN3/1p2P3/2N1BQ1p/PPP1BPPP/R3K2R b KQkq - 1 1
r3k2r/p1ppqpb1/bn2pnp1/3PN3/1p2P3/2N2Q1p/PPPBBPPP/R3K2R w KQkq - 0 1	a1b1 a1c1 a1d1 a2a3 a2a4 b2b3 c3a4 c3b1 c3b5 c3d1 d2c1 d2e3 d2f4 d2g5 d2h6 d5d6 d5e6 e1c1 e1d1 e1f1 e1g1 e2a6 e2b5 e2c4 e2d1 e2d3 e2f1 e5c4 e5c6 e5d3 e5d7 e5f7 e5g4 e5g6 f3d3 f3e3 f3f4 f3f5 f3f6 f3g3 f3g4 f3h3 f3h5 g2g3 g2g4 g2h3 h1f1 h1g1	d2c1	r3k2r/p1ppqpb1/bn2pnp1/3PN3/1p2P3/2N2Q1p/PPP1BPPP/R1B1K2R b KQkq - 1 1
r3k2r/p1ppqpb1/bn2pnp1/3PN3/1p2P3/2N2Q1p/PPPBBPPP/R3K2R w KQkq - 0 1	a1b1 a1c1 a1d1 a2a3 a2a4 b2b3 c3a4 c3b1 c3b5 c3d1 d2c1 d2e3 d2f4 d2g5 d2h6 d5d6 d5e6 e1c1 e1d1 e1f1 e1g1 e2a6 e2b5 e2c4 e2d1 e2d3 e2f1 e5c4 e5c6 e5d3 e5d7 e5f7 e5g4 e5g6 f3d3 f3e3 f3f4 f3f5 f3f6 f3g3 f3g4 f3h3 f3h5 g2g3 g2g4 g2h3 h1f1 h1g1	h1g1	r3k2r/p1ppqpb1/bn2pnp1/3PN3/1p2P3/2N2Q1p/PPPBBPPP/R3K1R1 b Qkq - 1 1
r3k2r/p1ppqpb1/bn2pnp1/3PN3/1p2P3/2N2Q1p/PPPBBPPP/R3K2R w KQkq - 0 1	a1b1 a1c1 a1d1 a2a3 a2a4 b2b3 c3a4 c3b1 c3b5 c3d1 d2c1 d2e3 d2f4 d2g5 d2h6 d5d6 d5e6 e1c1 e1d1 e1f1 e1g1 e2a6 e2b5 e2c4 e2d1 e2d3 e2f1 e5c4 e5c6 e5d3 e5d7 e5f7 e5g4 e5g6 f3d3 f3e3 f3f4 f3f5 f3f6 f3g3 f3g4 f3h3 f3h5 g2g3 g2g4 g2h3 h1f1 h1g1	h1f1	r3k2r/p1ppqpb1/bn2pnp1/3PN3/1p2P3/2N2Q1p/PPPBBPPP/R3KR2 b Qkq - 1 1
r3k2r/p1ppqpb1/bn2pnp1/3PN3/1p2P3/2N2Q1p/PPPBBPPP/R3K2R w KQkq - 0 1	a1b1 a1c1 a1d1 a2a3 a2a4 b2b3 c3a4 c3b1 c3b5 c3d1 d2c1 d2e3 d2f4 d2g5 d2h6 d5d6 d5e6 e1c1 e1d1 e1f1 e1g1 e2a6 e2b5 e2c4 e2d1 e2d3 e2f1 e5c4 e5c6 e5d3 e5d7 e5f7 e5g4 e5g6 f3d3 f3e3 f3f4 f3f5 f3f6 f3g3 f3g4 f3h3 f3h5 g2g3 g2g4 g2h3 h1f1 h1g1	e1f1	r3k2r/p1ppqpb1/bn2pnp1/3PN3/1p2P3/2N2Q1p/PPPBBPPP/R4K1R b kq - 1 1
r3k2r/p1ppqpb1/bn2pnp1/3PN3/1p2P3/2N2Q1p/PPPBBPPP/R3K2R w KQkq - 0 1	a1b1 a1c1 a1d1 a2a3 a2a4 b2b3 c3a4 c3b1 c3b5 c3d1 d2c1 d2e3 d2f4 d2g5 d2h6 d5d6 d5e6 e1c1 e1d1 e1f1 e1g1 e2a6 e2b5 e2c4 e2d1 e2d3 e2f1 e5c4 e5c6 e5d3 e5d7 e5f7 e5g4 e5g6 f3d3 f3e3 f3f4 f3f5 f3f6 f3g3 f3g4 f3h3 f3h5 g2g3 g2g4 g2h3 h1f1 h1g1	e1d1	r3k2r/p1ppqpb1/bn2pnp1/3PN3/1p2P3/2N2Q1p/PPPBBPPP/R2K3R b kq - 1 1
r3k2r/p1ppqpb1/bn2pnp1/3PN3/1p2P3/2N2Q1p/PPPBBPPP/R3K2R w KQkq - 0 1	a1b1 a1c1 a1d1 a2a3 a2a4 b2b3 c3a4 c3b1 c3b5 c3d1 d2c1 d2e3 d2f4 d2g5 d2h6 d5d6 d5e6 e1c1 e1d1 e1f1 e1g1 e2a6 e2b5 e2c4 e2d1 e2d3 e2f1 e5c4 e5c6 e5d3 e5d7 e5f7 e5g4 e5g6 f3d3 f3e3 f3f4 f3f5 f3f6 f3g3 f3g4 f3h3 f3h5 g2g3 g2g4 g2h3 h1f1 h1g1	a1d1	r3k2r/p1ppqpb1/bn2pnp1/3PN3/1p2P3/2N2Q1p/PPPBBPPP/3RK2R b Kkq - 1 1
r3k2r/p1ppqpb1/bn2pnp1/3PN3/1p2P3/2N2Q1p/PPPBBPPP/R3K2R w KQkq - 0 1	a1b1 a1c1 a1d1 a2a3 a2a4 b2b3 c3a4 c3b1 c3b5 c3d1 d2c1 d2e3 d2f4 d2g5 d2h6 d5d6 d5e6 e1c1 e1d1 e1f1 e1g1 e2a6 e2b5 e2c4 e2d1 e2d3 e2f1 e5c4 e5c6 e5d3 e5d7 e5f7 e5g4 e5g6 f3d3 f3e3 f3f4 f3f5 f3f6 f3g3 f3g4 f3h3 f3h5 g2g3 g2g4 g2h3 h1f1 h1g1	a1c1	r3k2r/p1ppqpb1/bn2pnp1/3PN3/1p2P3/2N2Q1p/PPPBBPPP/2R1K2R b Kkq - 1 1
r3k2r/p1ppqpb1/bn2pnp1/3PN3/1p2P3/2N2Q1p/PPPBBPPP/R3K2R w KQkq - 0 1	a1b1 a1c1 a1d1 a2a3 a2a4 b2b3 c3a4 c3b1 c3b5 c3d1 d2c1 d2e3 d2f4 d2g5 d2h6 d5d6 d5e6 e1c1 e1d1 e1f1 e1g1 e2a6 e2b5 e2c4 e2d1 e2d3 e2f1 e5c4 e5c6 e5d3 e5d7 e5f7 e5g4 e5g6 f3d3 f3e3 f3f4 f3f5 f3f6 f3g3 f3g4 f3h3 f3h5 g2g3 g2g4 g2h3 h1f1 h1g1	a1b1	r3k2r/p1ppqpb1/bn2pnp1/3PN3/1p2P3/2N2Q1p/PPPBBPPP/1R2K2R b Kkq - 1 1
r3k2r/p1ppqpb1/bn2pnp1/3PN3/1p2P3/2N2Q1p/PPPBBPPP/R3K2R w KQkq - 0 1	a1b1 a1c1 a1d1 a2a3 a2a4 b2b3 c3a4 c3b1 c3b5 c3d1 d2c1 d2e3 d2f4 d2g5 d2h6 d5d6 d5e6 e1c1 e1d1 e1f1 e1g1 e2a6 e2b5 e2c4 e2d1 e2d3 e2f1 e5c4 e5c6 e5d3 e5d7 e5f7 e5g4 e5g6 f3d3 f3e3 f3f4 f3f5 f3f6 f3g3 f3g4 f3h3 f3h5 g2g3 g2g4 g2h3 h1f1 h1g1	e1g1	r3k2r/p1ppqpb1/bn2pnp1/3PN3/1p2P3/2N2Q1p/PPPBBPPP/R4RK1 b kq - 1 1
r3k2r/p1ppqpb1/bn2pnp1/3PN3/1p2P3/2N2Q1p/PPPBBPPP/R3K2R w KQkq - 0 1	a1b1 a1c1 a1d1 a2a3 a2a4 b2b3 c3a4 c3b1 c3b5 c3d1 d2c1 d2e3 d2f4 d2g5 d2h6 d5d6 d5e6 e1c1 e1d1 e1f1 e1g1 e2a6 e2b5 e2c4 e2d1 e2d3 e2f1 e5c4 e5c6 e5d3 e5d7 e5f7 e5g4 e5g6 f3d3 f3e3 f3f4 f3f5 f3f6 f3g3 f3g4 f3h3 f3h5 g2g3 g2g4 g2h3 h1f1 h1g1	e1c1	r3k2r/p1ppqpb1/bn2pnp1/3PN3/1p2P3/2N2Q1p/PPPBBPPP/2KR3R b kq - 1 1
r3k2r/p1ppqpb1/bn2pnp1/3PN3/1p2P3/2N2Q1p/PPPBBPPP/R3K2R w KQkq - 0 1	a1b1 a1c1 a1d1 a2a3 a2a4 b2b3 c3a4 c3b1 c3b5 c3d1 d2c1 d2e3 d2f4 d2g5 d2h6 d5d6 d5e6 e1c1 e1d1 e1f1 e1g1 e2a6 e2b5 e2c4 e2d1 e2d3 e2f1 e5c4 e5c6 e5d3 e5d7 e5f7 e5g4 e5g6 f3d3 f3e3 f3f4 f3f5 f3f6 f3g3 f3g4 f3h3 f3h5 g2g3 g2g4 g2h3 h1f1 h1g1	d5e6	r3k2r/p1ppqpb1/bn2Pnp1/4N3/1p2P3/2N2Q1p/PPPBBPPP/R3K2R b KQkq - 0 1
r3k2r/p1ppqpb1/bn2pnp1/3PN3/1p2P3/2N2Q1p/PPPBBPPP/R3K2R w KQkq - 0 1	a1b1 a1c1 a1d1 a2a3 a2a4 b2b3 c3a4 c3b1 c3b5 c3d1 d2c1 d2e3 d2f4 d2g5 d2h6 d5d6 d5e6 e1c1 e1d1 e1f1 e1g1 e2a6 e2b5 e2c4 e2d1 e2d3 e2f1 e5c4 e5c6 e5d3 e5d7 e5f7 e5g4 e5g6 f3d3 f3e3 f3f4 f3f5 f3f6 f3g3 f3g4 f3h3 f3h5 g2g3 g2g4 g2h3 h1f1 h1g1	g2h3	r3k2r/p1ppqpb1/bn2pnp1/3PN3/1p2P3/2N2Q1P/PPPBBP1P/R3K2R b KQkq - 0 1
r3k2r/p1ppqpb1/bn2pnp1/3PN3/1p2P3/2N2Q1p/PPPBBPPP/R3K2R w KQkq - 0 1	a1b1 a1c1 a1d1 a2a3 a2a4 b2b3 c3a4 c3b1 c3b5 c3d1 d2c1 d2e3 d2f4 d2g5 d2h6 d5d6 d5e6 e1c1 e1d1 e1f1 e1g1 e2a6 e2b5 e2c4 e2d1 e2d3 e2f1 e5c4 e5c6 e5d3 e5d7 e5f7 e5g4 e5g6 f3d3 f3e3 f3f4 f3f5 f3f6 f3g3 f3g4 f3h3 f3h5 g2g3 g2g4 g2h3 h1f1 h1g1	d5d6	r3k2r/p1ppqpb1/bn1Ppnp1/4N3/1p2P3/2N2Q1p/PPPBBPPP/R3K2R b KQkq - 0 1
r3k2r/p1ppqpb1/bn2pnp1/3PN3/1p2P3/2N2Q1p/PPPBBPPP/R3K2R w KQkq - 0 1	a1b1 a1c1 a1d1 a2a3 a2a4 b2b3 c3a4 c3b1 c3b5 c3d1 d2c1 d2e3 d2f4 d2g5 d2h6 d5d6 d5e6 e1c1 e1d1 e1f1 e1g1 e2a6 e2b5 e2c4 e2d1 e2d3 e2f1 e5c4 e5c6 e5d3 e5d7 e5f7 e5g4 e5g6 f3d3 f3e3 f3f4 f3f5 f3f6 f3g3 f3g4 f3h3 f3h5 g2g3 g2g4 g2h3 h1f1 h1g1	g2g3	r3k2r/p1ppqpb1/bn2pnp1/3PN3/1p2P3/2N2QPp/PPPBBP1P/R3K2R b KQkq - 0 1
r3k2r/p1ppqpb1/bn2pnp1/3PN3/1p2P3/2N2Q1p/PPPBBPPP/R3K2R w KQkq - 0 1	a1b1 a1c1 a1d1 a2a3 a2a4 b2b3 c3a4 c3b1 c3b5 c3d1 d2c1 d2e3 d2f4 d2g5 d2h6 d5d6 d5e6 e1c1 e1d1 e1f1 e1g1 e2a6 e2b5 e2c4 e2d1 e2d3 e2f1 e5c4 e5c6 e5d3 e5d7 e5f7 e5g4 e5g6 f3d3 f3e3 f3f4 f3f5 f3f6 f3g3 f3g4 f3h3 f3h5 g2g3 g2g4 g2h3 h1f1 h1g1	b2b3	r3k2r/p1ppqpb1/bn2pnp1/3PN3/1p2P3/1PN2Q1p/P1PBBPPP/R3K2R b KQkq - 0 1
r3k2r/p1ppqpb1/bn2pnp1/3PN3/1p2P3/2N2Q1p/PPPBBPPP/R3K2R w KQkq - 0 1	a1b1 a1c1 a1d1 a2a3 a2a4 b2b3 c3a4 c3b1 c3b5 c3d1 d2c1 d2e3 d2f4 d2g5 d2h6 d5d6 d5e6 e1c1 e1d1 e1f1 e1g1 e2a6 e2b5 e2c4 e2d1 e2d3 e2f1 e5c4 e5c6 e5d3 e5d7 e5f7 e5g4 e5g6 f3d3 f3e3 f3f4 f3f5 f3f6 f3g3 f3g4 f3h3 f3h5 g2g3 g2g4 g2h3 h1f1 h1g1	a2a3	r3k2r/p1ppqpb1/bn2pnp1/3PN3/1p2P3/P1N2Q1p/1PPBBPPP/R3K2R b KQkq - 0 1
r3k2r/p1ppqpb1/bn2pnp1/3PN3/1p2P3/2N2Q1p/PPPBBPPP/R3K2R w KQkq - 0 1	a1b1 a1c1 a1d1 a2a3 a2a4 b2b3 c3a4 c3b1 c3b5 c3d1 d2c1 d2e3 d2f4 d2g5 d2h6 d5d6 d5e6 e1c1 e1d1 e1f1 e1g1 e2a6 e2b5 e2c4 e2d1 e2d3 e2f1 e5c4 e5c6 e5d3 e5d7 e5f7 e5g4 e5g6 f3d3 f3e3 f3f4 f3f5 f3f6 f3g3 f3g4 f3h3 f3h5 g2g3 g2g4 g2h3 h1f1 h1g1	g2g4	r3k2r/p1ppqpb1/bn2pnp1/3PN3/1p2P1P1/2N2Q1p/PPPBBP1P/R3K2R b KQkq g3 0 1
r3k2r/p1ppqpb1/bn2pnp1/3PN3/1p2P3/2N2Q1p/PPPBBPPP/R3K2R w KQkq - 0 1	a1b1 a1c1 a1d1 a2a3 a2a4 b2b3 c3a4 c3b1 c3b5 c3d1 d2c1 d2e3 d2f4 d2g5 d2h6 d5d6 d5e6 e1c1 e1d1 e1f1 e1g1 e2a6 e2b5 e2c4 e2d1 e2d3 e2f1 e5c4 e5c6 e5d3 e5d7 e5f7 e5g4 e5g6 f3d3 f3e3 f3f4 f3f5 f3f6 f3g3 f3g4 f3h3 f3h5 g2g3 g2g4 g2h3 h1f1 h1g1	a2a4	r3k2r/p1ppqpb1/bn2pnp1/3PN3/Pp2P3/2N2Q1p/1PPBBPPP/R3K2R b KQkq a3 0 1
7k/P7/8/8/8/8/8/7K w - - 0 1	a7a8b a7a8n a7a8q a7a8r h1g1 h1g2 h1h2	-	-
7k/P7/8/8/8/8/8/7K w - - 0 1	a7a8b a7a8n a7a8q a7a8r h1g1 h1g2 h1h2	h1h2	7k/P7/8/8/8/8/7K/8 b - - 1 1
7k/P7/8/8/8/8/8/7K w - - 0 1	a7a8b a7a8n a7a8q a7a8r h1g1 h1g2 h1h2	h1g2	7k/P7/8/8/8/8/6K1/8 b - - 1 1
7k/P7/8/8/8/8/8/7K w - - 0 1	a7a8b a7a8n a7a8q a7a8r h1g1 h1g2 h1h2	h1g1	7k/P7/8/8/8/8/8/6K1 b - - 1 1
7k/P7/8/8/8/8/8/7K w - - 0 1	a7a8b a7a8n a7a8q a7a8r h1g1 h1g2 h1h2	a7a8q	Q6k/8/8/8/8/8/8/7K b - - 0 1
7k/P7/8/8/8/8/8/7K w - - 0 1	a7a8b a7a8n a7a8q a7a8r h1g1 h1g2 h1h2	a7a8r	R6k/8/8/8/8/8/8/7K b - - 0 1
7k/P7/8/8/8/8/8/7K w - - 0 1	a7a8b a7a8n a7a8q a7a8r h1g1 h1g2 h1h2	a7a8b	B6k/8/8/8/8/8/8/7K b - - 0 1
7k/P7/8/8/8/8/8/7K w - - 0 1	a7a8b a7a8n a7a8q a7a8r h1g1 h1g2 h1h2	a7a8n	N6k/8/8/8/8/8/8/7K b - - 0 1
7k/8/8/8/8/8/p7/7K b - - 0 1	a2a1b a2a1n a2a1q a2a1r h8g7 h8g8 h8h7	-	-
7k/8/8/8/8/8/p7/7K b - - 0 1	a2a1b a2a1n a2a1q a2a1r h8g7 h8g8 h8h7	h8g8	6k1/8/8/8/8/8/p7/7K w - - 1 2
7k/8/8/8/8/8/p7/7K b - - 0 1	a2a1b a2a1n a2a1q a2a1r h8g7 h8g8 h8h7	h8h7	8/7k/8/8/8/8/p7/7K w - - 1 2
7k/8/8/8/8/8/p7/7K b - - 0 1	a2a1b a2a1n a2a1q a2a1r h8g7 h8g8 h8h7	h8g7	8/6k1/8/8/8/8/p7/7K w - - 1 2
7k/8/8/8/8/8/p7/7K b - - 0 1	a2a1b a2a1n a2a1q a2a1r h8g7 h8g8 h8h7	a2a1q	7k/8/8/8/8/8/8/q6K w - - 0 2
7k/8/8/8/8/8/p7/7K b - - 0 1	a2a1b a2a1n a2a1q a2a1r h8g7 h8g8 h8h7	a2a1r	7k/8/8/8/8/8/8/r6K w - - 0 2
7k/8/8/8/8/8/p7/7K b - - 0 1	a2a1b a2a1n a2a1q a2a1r h8g7 h8g8 h8h7	a2a1b	7k/8/8/8/8/8/8/b6K w - - 0 2
7k/8/8/8/8/8/p7/7K b - - 0 1	a2a1b a2a1n a2a1q a2a1r h8g7 h8g8 h8h7	a2a1n	7k/8/8/8/8/8/8/n6K w - - 0 2
r3k2r/8/8/8/8/8/8/R3K2R w KQkq - 0 1	a1a2 a1a3 a1a4 a1a5 a1a6 a1a7 a1a8 a1b1 a1c1 a1d1 e1c1 e1d1 e1d2 e1e2 e1f1 e1f2 e1g1 h1f1 h1g1 h1h2 h1h3 h1h4 h1h5 h1h6 h1h7 h1h8	-	-
r3k2r/8/8/8/8/8/8/R3K2R w KQkq - 0 1	a1a2 a1a3 a1a4 a1a5 a1a6 a1a7 a1a8 a1b1 a1c1 a1d1 e1c1 e1d1 e1d2 e1e2 e1f1 e1f2 e1g1 h1f1 h1g1 h1h2 h1h3 h1h4 h1h5 h1h6 h1h7 h1h8	h1h8	r3k2R/8/8/8/8/8/8/R3K3 b Qq - 0 1
r3k2r/8/8/8/8/8/8/R3K2R w KQkq - 0 1	a1a2 a1a3 a1a4 a1a5 a1a6 a1a7 a1a8 a1b1 a1c1 a1d1 e1c1 e1d1 e1d2 e1e2 e1f1 e1f2 e1g1 h1f1 h1g1 h1h2 h1h3 h1h4 h1h5 h1h6 h1h7 h1h8	h1h7	r3k2r/7R/8/8/8/8/8/R3K3 b Qkq - 1 1
r3k2r/8/8/8/8/8/8/R3K2R w KQkq - 0 1	a1a2 a1a3 a1a4 a1a5 a1a6 a1a7 a1a8 a1b1 a1c1 a1d1 e1c1 e1d1 e1d2 e1e2 e1f1 e1f2 e1g1 h1f1 h1g1 h1h2 h1h3 h1h4 h1h5 h1h6 h1h7 h1h8	h1h6	r3k2r/8/7R/8/8/8/8/R3K3 b Qkq - 1 1
r3k2r/8/8/8/8/8/8/R3K2R w KQkq - 0 1	a1a2 a1a3 a1a4 a1a5 a1a6 a1a7 a1a8 a1b1 a1c1 a1d1 e1c1 e1d1 e1d2 e1e2 e1f1 e1f2 e1g1 h1f1 h1g1 h1h2 h1h3 h1h4 h1h5 h1h6 h1h7 h1h8	h1h5	r3k2r/8/8/7R/8/8/8/R3K3 b Qkq - 1 1
r3k2r/8/8/8/8/8/8/R3K2R w KQkq - 0 1	a1a2 a1a3 a1a4 a1a5 a1a6 a1a7 a1a8 a1b1 a1c1 a1d1 e1c1 e1d1 e1d2 e1e2 e1f1 e1f2 e1g1 h1f1 h1g1 h1h2 h1h3 h1h4 h1h5 h1h6 h1h7 h1h8	h1h4	r3k2r/8/8/8/7R/8/8/R3K3 b Qkq - 1 1
r3k2r/8/8/8/8/8/8/R3K2R w KQkq - 0 1	a1a2 a1a3 a1a4 a1a5 a1a6 a1a7 a1a8 a1b1 a1c1 a1d1 e1c1 e1d1 e1d2 e1e2 e1f1 e1f2 e1g1 h1f1 h1g1 h1h2 h1h3 h1h4 h1h5 h1h6 h1h7 h1h8	h1h3	r3k2r/8/8/8/8/7R/8/R3K3 b Qkq - 1 1
r3k2r/8/8/8/8/8/8/R3K2R w KQkq - 0 1	a1a2 a1a3 a1a4 a1a5 a1a6 a1a7 a1a8 a1b1 a1c1 a1d1 e1c1 e1d1 e1d2 e1e2 e1f1 e1f2 e1g1 h1f1 h1g1 h1h2 h1h3 h1h4 h1h5 h1h6 h1h7 h1h8	h1h2	r3k2r/8/8/8/8/8/7R/R3K3 b Qkq - 1 1
r3k2r/8/8/8/8/8/8/R3K2R w KQkq - 0 1	a1a2 a1a3 a1a4 a1a5 a1a6 a1a7 a1a8 a1b1 a1c1 a1d1 e1c1 e1d1 e1d2 e1e2 e1f1 e1f2 e1g1 h1f1 h1g1 h1h2 h1h3 h1h4 h1h5 h1h6 h1h7 h1h8	h1g1	r3k2r/8/8/8/8/8/8/R3K1R1 b Qkq - 1 1
r3k2r/8/8/8/8/8/8/R3K2R w KQkq - 0 1	a1a2 a1a3 a1a4 a1a5 a1a6 a1a7 a1a8 a1b1 a1c1 a1d1 e1c1 e1d1 e1d2 e1e2 e1f1 e1f2 e1g1 h1f1 h1g1 h1h2 h1h3 h1h4 h1h5 h1h6 h1h7 h1h8	h1f1	r3k2r/8/8/8/8/8/8/R3KR2 b Qkq - 1 1
r3k2r/8/8/8/8/8/8/R3K2R w KQkq - 0 1	a1a2 a1a3 a1a4 a1a5 a1a6 a1a7 a1a8 a1b1 a1c1 a1d1 e1c1 e1d1 e1d2 e1e2 e1f1 e1f2 e1g1 h1f1 h1g1 h1h2 h1h3 h1h4 h1h5 h1h6 h1h7 h1h8	e1f2	r3k2r/8/8/8/8/8/5K2/R6R b kq - 1 1
r3k2r/8/8/8/8/8/8/R3K2R w KQkq - 0 1	a1a2 a1a3 a1a4 a1a5 a1a6 a1a7 a1a8 a1b1 a1c1 a1d1 e1c1 e1d1 e1d2 e1e2 e1f1 e1f2 e1g1 h1f1 h1g1 h1h2 h1h3 h1h4 h1h5 h1h6 h1h7 h1h8	e1e2	r3k2r/8/8/8/8/8/4K3/R6R b kq - 1 1
r3k2r/8/8/8/8/8/8/R3K2R w KQkq - 0 1	a1a2 a1a3 a1a4 a1a5 a1a6 a1a7 a1a8 a1b1 a1c1 a1d1 e1c1 e1d1 e1d2 e1e2 e1f1 e1f2 e1g1 h1f1 h1g1 h1h2 h1h3 h1h4 h1h5 h1h6 h1h7 h1h8	e1d2	r3k2r/8/8/8/8/8/3K4/R6R b kq - 1 1
r3k2r/8/8/8/8/8/8/R3K2R w KQkq - 0 1	a1a2 a1a3 a1a4 a1a5 a1a6 a1a7 a1a8 a1b1 a1c1 a1d1 e1c1 e1d1 e1d2 e1e2 e1f1 e1f2 e1g1 h1f1 h1g1 h1h2 h1h3 h1h4 h1h5 h1h6 h1h7 h1h8	e1f1	r3k2r/8/8/8/8/8/8/R4K1R b kq - 1 1
r3k2r/8/8/8/8/8/8/R3K2R w KQkq - 0 1	a1a2 a1a3 a1a4 a1a5 a1a6 a1a7 a1a8 a1b1 a1c1 a1d1 e1c1 e1d1 e1d2 e1e2 e1f1 e1f2 e1g1 h1f1 h1g1 h1h2 h1h3 h1h4 h1h5 h1h6 h1h7 h1h8	e1d1	r3k2r/8/8/8/8/8/8/R2K3R b kq - 1 1
r3k2r/8/8/8/8/8/8/R3K2R w KQkq - 0 1	a1a2 a1a3 a1a4 a1a5 a1a6 a1a7 a1a8 a1b1 a1c1 a1d1 e1c1 e1d1 e1d2 e1e2 e1f1 e1f2 e1g1 h1f1 h1g1 h1h2 h1h3 h1h4 h1h5 h1h6 h1h7 h1h8	a1a8	R3k2r/8/8/8/8/8/8/4K2R b Kk - 0 1
r3k2r/8/8/8/8/8/8/R3K2R w KQkq - 0 1	a1a2 a1a3 a1a4 a1a5 a1a6 a1a7 a1a8 a1b1 a1c1 a1d1 e1c1 e1d1 e1d2 e1e2 e1f1 e1f2 e1g1 h1f1 h1g1 h1h2 h1h3 h1h4 h1h5 h1h6 h1h7 h1h8	a1a7	r3k2r/R7/8/8/8/8/8/4K2R b Kkq - 1 1
r3k2r/8/8/8/8/8/8/R3K2R w KQkq - 0 1	a1a2 a1a3 a1a4 a1a5 a1a6 a1a7 a1a8 a1b1 a1c1 a1d1 e1c1 e1d1 e1d2 e1e2 e1f1 e1f2 e1g1 h1f1 h1g1 h1h2 h1h3 h1h4 h1h5 h1h6 h1h7 h1h8	a1a6	r3k2r/8/R7/8/8/8/8/4K2R b Kkq - 1 1
r3k2r/8/8/8/8/8/8/R3K2R w KQkq - 0 1	a1a2 a1a3 a1a4 a1a5 a1a6 a1a7 a1a8 a1b1 a1c1 a1d1 e1c1 e1d1 e1d2 e1e2 e1f1 e1f2 e1g1 h1f1 h1g1 h1h2 h1h3 h1h4 h1h5 h1h6 h1h7 h1h8	a1a5	r3k2r/8/8/R7/8/8/8/4K2R b Kkq - 1 1
r3k2r/8/8/8/8/8/8/R3K2R w KQkq - 0 1	a1a2 a1a3 a1a4 a1a5 a1a6 a1a7 a1a8 a1b1 a1c1 a1d1 e1c1 e1d1 e1d2 e1e2 e1f1 e1f2 e1g1 h1f1 h1g1 h1h2 h1h3 h1h4 h1h5 h1h6 h1h7 h1h8	a1a4	r3k2r/8/8/8/R7/8/8/4K2R b Kkq - 1 1
r3k2r/8/8/8/8/8/8/R3K2R w KQkq - 0 1	a1a2 a1a3 a1a4 a1a5 a1a6 a1a7 a1a8 a1b1 a1c1 a1d1 e1c1 e1d1 e1d2 e1e2 e1f1 e1f2 e1g1 h1f1 h1g1 h1h2 h1h3 h1h4 h1h5 h1h6 h1h7 h1h8	a1a3	r3k2r/8/8/8/8/R7/8/4K2R b Kkq - 1 1
r3k2r/8/8/8/8/8/8/R3K2R w KQkq - 0 1	a1a2 a1a3 a1a4 a1a5 a1a6 a1a7 a1a8 a1b1 a1c1 a1d1 e1c1 e1d1 e1d2 e1e2 e1f1 e1f2 e1g1 h1f1 h1g1 h1h2 h1h3 h1h4 h1h5 h1h6 h1h7 h1h8	a1a2	r3k2r/8/8/8/8/8/R7/4K2R b Kkq - 1 1
r3k2r/8/8/8/8/8/8/R3K2R w KQkq - 0 1	a1a2 a1a3 a1a4 a1a5 a1a6 a1a7 a1a8 a1b1 a1c1 a1d1 e1c1 e1d1 e1d2 e1e2 e1f1 e1f2 e1g1 h1f1 h1g1 h1h2 h1h3 h1h4 h1h5 h1h6 h1h7 h1h8	a1d1	r3k2r/8/8/8/8/8/8/3RK2R b Kkq - 1 1
r3k2r/8/8/8/8/8/8/R3K2R w KQkq - 0 1	a1a2 a1a3 a1a4 a1a5 a1a6 a1a7 a1a8 a1b1 a1c1 a1d1 e1c1 e1d1 e1d2 e1e2 e1f1 e1f2 e1g1 h1f1 h1g1 h1h2 h1h3 h1h4 h1h5 h1h6 h1h7 h1h8	a1c1	r3k2r/8/8/8/8/8/8/2R1K2R b Kkq - 1 1
r3k2r/8/8/8/8/8/8/R3K2R w KQkq - 0 1	a1a2 a1a3 a1a4 a1a5 a1a6 a1a7 a1a8 a1b1 a1c1 a1d1 e1c1 e1d1 e1d2 e1e2 e1f1 e1f2 e1g1 h1f1 h1g1 h1h2 h1h3 h1h4 h1h5 h1h6 h1h7 h1h8	a1b1	r3k2r/8/8/8/8/8/8/1R2K2R b Kkq - 1 1
r3k2r/8/8/8/8/8/8/R3K2R w KQkq - 0 1	a1a2 a1a3 a1a4 a1a5 a1a6 a1a7 a1a8 a1b1 a1c1 a1d1 e1c1 e1d1 e1d2 e1e2 e1f1 e1f2 e1g1 h1f1 h1g1 h1h2 h1h3 h1h4 h1h5 h1h6 h1h7 h1h8	e1g1	r3k2r/8/8/8/8/8/8/R4RK1 b kq - 1 1
r3k2r/8/8/8/8/8/8/R3K2R w KQkq - 0 1	a1a2 a1a3 a1a4 a1a5 a1a6 a1a7 a1a8 a1b1 a1c1 a1d1 e1c1 e1d1 e1d2 e1e2 e1f1 e1f2 e1g1 h1f1 h1g1 h1h2 h1h3 h1h4 h1h5 h1h6 h1h7 h1h8	e1c1	r3k2r/8/8/8/8/8/8/2KR3R b kq - 1 1
r3k2r/8/8/8/8/8/8/R3K2R b KQkq - 0 1	a8a1 a8a2 a8a3 a8a4 a8a5 a8a6 a8a7 a8b8 a8c8 a8d8 e8c8 e8d7 e8d8 e8e7 e8f7 e8f8 e8g8 h8f8 h8g8 h8h1 h8h2 h8h3 h8h4 h8h5 h8h6 h8h7	-	-
r3k2r/8/8/8/8/8/8/R3K2R b KQkq - 0 1	a8a1 a8a2 a8a3 a8a4 a8a5 a8a6 a8a7 a8b8 a8c8 a8d8 e8c8 e8d7 e8d8 e8e7 e8f7 e8f8 e8g8 h8f8 h8g8 h8h1 h8h2 h8h3 h8h4 h8h5 h8h6 h8h7	h8g8	r3k1r1/8/8/8/8/8/8/R3K2R w KQq - 1 2
r3k2r/8/8/8/8/8/8/R3K2R b KQkq - 0 1	a8a1 a8a2 a8a3 a8a4 a8a5 a8a6 a8a7 a8b8 a8c8 a8d8 e8c8 e8d7 e8d8 e8e7 e8f7 e8f8 e8g8 h8f8 h8g8 h8h1 h8h2 h8h3 h8h4 h8h5 h8h6 h8h7	h8f8	r3kr2/8/8/8/8/8/8/R3K2R w KQq - 1 2
r3k2r/8/8/8/8/8/8/R3K2R b KQkq - 0 1	a8a1 a8a2 a8a3 a8a4 a8a5 a8a6 a8a7 a8b8 a8c8 a8d8 e8c8 e8d7 e8d8 e8e7 e8f7 e8f8 e8g8 h8f8 h8g8 h8h1 h8h2 h8h3 h8h4 h8h5 h8h6 h8h7	h8h7	r3k3/7r/8/8/8/8/8/R3K2R w KQq - 1 2
r3k2r/8/8/8/8/8/8/R3K2R b KQkq - 0 1	a8a1 a8a2 a8a3 a8a4 a8a5 a8a6 a8a7 a8b8 a8c8 a8d8 e8c8 e8d7 e8d8 e8e7 e8f7 e8f8 e8g8 h8f8 h8g8 h8h1 h8h2 h8h3 h8h4 h8h5 h8h6 h8h7	h8h6	r3k3/8/7r/8/8/8/8/R3K2R w KQq - 1 2
r3k2r/8/8/8/8/8/8/R3K2R b KQkq - 0 1	a8a1 a8a2 a8a3 a8a4 a8a5 a8a6 a8a7 a8b8 a8c8 a8d8 e8c8 e8d7 e8d8 e8e7 e8f7 e8f8 e8g8 h8f8 h8g8 h8h1 h8h2 h8h3 h8h4 h8h5 h8h6 h8h7	h8h5	r3k3/8/8/7r/8/8/8/R3K2R w KQq - 1 2
r3k2r/8/8/8/8/8/8/R3K2R b KQkq - 0 1	a8a1 a8a2 a8a3 a8a4 a8a5 a8a6 a8a7 a8b8 a8c8 a8d8 e8c8 e8d7 e8d8 e8e7 e8f7 e8f8 e8g8 h8f8 h8g8 h8h1 h8h2 h8h3 h8h4 h8h5 h8h6 h8h7	h8h4	r3k3/8/8/8/7r/8/8/R3K2R w KQq - 1 2
r3k2r/8/8/8/8/8/8/R3K2R b KQkq - 0 1	a8a1 a8a2 a8a3 a8a4 a8a5 a8a6 a8a7 a8b8 a8c8 a8d8 e8c8 e8d7 e8d8 e8e7 e8f7 e8f8 e8g8 h8f8 h8g8 h8h1 h8h2 h8h3 h8h4 h8h5 h8h6 h8h7	h8h3	r3k3/8/8/8/8/7r/8/R3K2R w KQq - 1 2
r3k2r/8/8/8/8/8/8/R3K2R b KQkq - 0 1	a8a1 a8a2 a8a3 a8a4 a8a5 a8a6 a8a7 a8b8 a8c8 a8d8 e8c8 e8d7 e8d8 e8e7 e8f7 e8f8 e8g8 h8f8 h8g8 h8h1 h8h2 h8h3 h8h4 h8h5 h8h6 h8h7	h8h2	r3k3/8/8/8/8/8/7r/R3K2R w KQq - 1 2
r3k2r/8/8/8/8/8/8/R3K2R b KQkq - 0 1	a8a1 a8a2 a8a3 a8a4 a8a5 a8a6 a8a7 a8b8 a8c8 a8d8 e8c8 e8d7 e8d8 e8e7 e8f7 e8f8 e8g8 h8f8 h8g8 h8h1 h8h2 h8h3 h8h4 h8h5 h8h6 h8h7	h8h1	r3k3/8/8/8/8/8/8/R3K2r w Qq - 0 2
r3k2r/8/8/8/8/8/8/R3K2R b KQkq - 0 1	a8a1 a8a2 a8a3 a8a4 a8a5 a8a6 a8a7 a8b8 a8c8 a8d8 e8c8 e8d7 e8d8 e8e7 e8f7 e8f8 e8g8 h8f8 h8g8 h8h1 h8h2 h8h3 h8h4 h8h5 h8h6 h8h7	e8f8	r4k1r/8/8/8/8/8/8/R3K2R w KQ - 1 2
r3k2r/8/8/8/8/8/8/R3K2R b KQkq - 0 1	a8a1 a8a2 a8a3 a8a4 a8a5 a8a6 a8a7 a8b8 a8c8 a8d8 e8c8 e8d7 e8d8 e8e7 e8f7 e8f8 e8g8 h8f8 h8g8 h8h1 h8h2 h8h3 h8h4 h8h5 h8h6 h8h7	e8d8	r2k3r/8/8/8/8/8/8/R3K2R w KQ - 1 2
r3k2r/8/8/8/8/8/8/R3K2R b KQkq - 0 1	a8a1 a8a2 a8a3 a8a4 a8a5 a8a6 a8a7 a8b8 a8c8 a8d8 e8c8 e8d7 e8d8 e8e7 e8f7 e8f8 e8g8 h8f8 h8g8 h8h1 h8h2 h8h3 h8h4 h8h5 h8h6 h8h7	e8f7	r6r/5k2/8/8/8/8/8/R3K2R w KQ - 1 2
r3k2r/8/8/8/8/8/8/R3K2R b KQkq - 0 1	a8a1 a8a2 a8a3 a8a4 a8a5 a8a6 a8a7 a8b8 a8c8 a8d8 e8c8 e8d7 e8d8 e8e7 e8f7 e8f8 e8g8 h8f8 h8g8 h8h1 h8h2 h8h3 h8h4 h8h5 h8h6 h8h7	e8e7	r6r/4k3/8/8/8/8/8/R3K2R w KQ - 1 2
r3k2r/8/8/8/8/8/8/R3K2R b KQkq - 0 1	a8a1 a8a2 a8a3 a8a4 a8a5 a8a6 a8a7 a8b8 a8c8 a8d8 e8c8 e8d7 e8d8 e8e7 e8f7 e8f8 e8g8 h8f8 h8g8 h8h1 h8h2 h8h3 h8h4 h8h5 h8h6 h8h7	e8d7	r6r/3k4/8/8/8/8/8/R3K2R w KQ - 1 2
r3k2r/8/8/8/8/8/8/R3K2R b KQkq - 0 1	a8a1 a8a2 a8a3 a8a4 a8a5 a8a6 a8a7 a8b8 a8c8 a8d8 e8c8 e8d7 e8d8 e8e7 e8f7 e8f8 e8g8 h8f8 h8g8 h8h1 h8h2 h8h3 h8h4 h8h5 h8h6 h8h7	a8d8	3rk2r/8/8/8/8/8/8/R3K2R w KQk - 1 2
r3k2r/8/8/8/8/8/8/R3K2R b KQkq - 0 1	a8a1 a8a2 a8a3 a8a4 a8a5 a8a6 a8a7 a8b8 a8c8 a8d8 e8c8 e8d7 e8d8 e8e7 e8f7 e8f8 e8g8 h8f8 h8g8 h8h1 h8h2 h8h3 h8h4 h8h5 h8h6 h8h7	a8c8	2r1k2r/8/8/8/8/8/8/R3K2R w KQk - 1 2
r3k2r/8/8/8/8/8/8/R3K2R b KQkq - 0 1	a8a1 a8a2 a8a3 a8a4 a8a5 a8a6 a8a7 a8b8 a8c8 a8d8 e8c8 e8d7 e8d8 e8e7 e8f7 e8f8 e8g8 h8f8 h8g8 h8h1 h8h2 h8h3 h8h4 h8h5 h8h6 h8h7	a8b8	1r2k2r/8/8/8/8/8/8/R3K2R w KQk - 1 2
r3k2r/8/8/8/8/8/8/R3K2R b KQkq - 0 1	a8a1 a8a2 a8a3 a8a4 a8a5 a8a6 a8a7 a8b8 a8c8 a8d8 e8c8 e8d7 e8d8 e8e7 e8f7 e8f8 e8g8 h8f8 h8g8 h8h1 h8h2 h8h3 h8h4 h8h5 h8h6 h8h7	a8a7	4k2r/r7/8/8/8/8/8/R3K2R w KQk - 1 2
r3k2r/8/8/8/8/8/8/R3K2R b KQkq - 0 1	a8a1 a8a2 a8a3 a8a4 a8a5 a8a6 a8a7 a8b8 a8c8 a8d8 e8c8 e8d7 e8d8 e8e7 e8f7 e8f8 e8g8 h8f8 h8g8 h8h1 h8h2 h8h3 h8h4 h8h5 h8h6 h8h7	a8a6	4k2r/8/r7/8/8/8/8/R3K2R w KQk - 1 2
r3k2r/8/8/8/8/8/8/R3K2R b KQkq - 0 1	a8a1 a8a2 a8a3 a8a4 a8a5 a8a6 a8a7 a8b8 a8c8 a8d8 e8c8 e8d7 e8d8 e8e7 e8f7 e8f8 e8g8 h8f8 h8g8 h8h1 h8h2 h8h3 h8h4 h8h5 h8h6 h8h7	a8a5	4k2r/8/8/r7/8/8/8/R3K2R w KQk - 1 2
r3k2r/8/8/8/8/8/8/R3K2R b KQkq - 0 1	a8a1 a8a2 a8a3 a8a4 a8a5 a8a6 a8a7 a8b8 a8c8 a8d8 e8c8 e8d7 e8d8 e8e7 e8f7 e8f8 e8g8 h8f8 h8g8 h8h1 h8h2 h8h3 h8h4 h8h5 h8h6 h8h7	a8a4	4k2r/8/8/8/r7/8/8/R3K2R w KQk - 1 2
r3k2r/8/8/8/8/8/8/R3K2R b KQkq - 0 1	a8a1 a8a2 a8a3 a8a4 a8a5 a8a6 a8a7 a8b8 a8c8 a8d8 e8c8 e8d7 e8d8 e8e7 e8f7 e8f8 e8g8 h8f8 h8g8 h8h1 h8h2 h8h3 h8h4 h8h5 h8h6 h8h7	a8a3	4k2r/8/8/8/8/r7/8/R3K2R w KQk - 1 2
r3k2r/8/8/8/8/8/8/R3K2R b KQkq - 0 1	a8a1 a8a2 a8a3 a8a4 a8a5 a8a6 a8a7 a8b8 a8c8 a8d8 e8c8 e8d7 e8d8 e8e7 e8f7 e8f8 e8g8 h8f8 h8g8 h8h1 h8h2 h8h3 h8h4 h8h5 h8h6 h8h7	a8a2	4k2r/8/8/8/8/8/r7/R3K2R w KQk - 1 2
r3k2r/8/8/8/8/8/8/R3K2R b KQkq - 0 1	a8a1 a8a2 a8a3 a8a4 a8a5 a8a6 a8a7 a8b8 a8c8 a8d8 e8c8 e8d7 e8d8 e8e7 e8f7 e8f8 e8g8 h8f8 h8g8 h8h1 h8h2 h8h3 h8h4 h8h5 h8h6 h8h7	a8a1	4k2r/8/8/8/8/8/8/r3K2R w Kk - 0 2
r3k2r/8/8/8/8/8/8/R3K2R b KQkq - 0 1	a8a1 a8a2 a8a3 a8a4 a8a5 a8a6 a8a7 a8b8 a8c8 a8d8 e8c8 e8d7 e8d8 e8e7 e8f7 e8f8 e8g8 h8f8 h8g8 h8h1 h8h2 h8h3 h8h4 h8h5 h8h6 h8h7	e8g8	r4rk1/8/8/8/8/8/8/R3K2R w KQ - 1 2
r3k2r/8/8/8/8/8/8/R3K2R b KQkq - 0 1	a8a1 a8a2 a8a3 a8a4 a8a5 a8a6 a8a7 a8b8 a8c8 a8d8 e8c8 e8d7 e8d8 e8e7 e8f7 e8f8 e8g8 h8f8 h8g8 h8h1 h8h2 h8h3 h8h4 h8h5 h8h6 h8h7	e8c8	2kr3r/8/8/8/8/8/8/R3K2R w KQ - 1 2
7k/8/8/3pP3/8/8/8/7K w - d6 0 1	e5d6 e5e6 h1g1 h1g2 h1h2	-	-
7k/8/8/3pP3/8/8/8/7K w - d6 0 1	e5d6 e5e6 h1g1 h1g2 h1h2	h1h2	7k/8/8/3pP3/8/8/7K/8 b - - 1 1
7k/8/8/3pP3/8/8/8/7K w - d6 0 1	e5d6 e5e6 h1g1 h1g2 h1h2	h1g2	7k/8/8/3pP3/8/8/6K1/8 b - - 1 1
7k/8/8/3pP3/8/8/8/7K w - d6 0 1	e5d6 e5e6 h1g1 h1g2 h1h2	h1g1	7k/8/8/3pP3/8/8/8/6K1 b - - 1 1
7k/8/8/3pP3/8/8/8/7K w - d6 0 1	e5d6 e5e6 h1g1 h1g2 h1h2	e5e6	7k/8/4P3/3p4/8/8/8/7K b - - 0 1
7k/8/8/3pP3/8/8/8/7K w - d6 0 1	e5d6 e5e6 h1g1 h1g2 h1h2	e5d6	7k/8/3P4/8/8/8/8/7K b - - 0 1
7k/8/8/8/3Pp3/8/8/7K b - d3 0 1	e4d3 e4e3 h8g7 h8g8 h8h7	-	-
7k/8/8/8/3Pp3/8/8/7K b - d3 0 1	e4d3 e4e3 h8g7 h8g8 h8h7	h8g8	6k1/8/8/8/3Pp3/8/8/7K w - - 1 2
7k/8/8/8/3Pp3/8/8/7K b - d3 0 1	e4d3 e4e3 h8g7 h8g8 h8h7	h8h7	8/7k/8/8/3Pp3/8/8/7K w - - 1 2
7k/8/8/8/3Pp3/8/8/7K b - d3 0 1	e4d3 e4e3 h8g7 h8g8 h8h7	h8g7	8/6k1/8/8/3Pp3/8/8/7K w - - 1 2
7k/8/8/8/3Pp3/8/8/7K b - d3 0 1	e4d3 e4e3 h8g7 h8g8 h8h7	e4e3	7k/8/8/8/3P4/4p3/8/7K w - - 0 2
7k/8/8/8/3Pp3/8/8/7K b - d3 0 1	e4d3 e4e3 h8g7 h8g8 h8h7	e4d3	7k/8/8/8/8/3p4/8/7K w - - 0 2
k3r3/8/8/3pP3/8/8/8/4K3 w - d6 0 1	e1d1 e1d2 e1e2 e1f1 e1f2 e5e6	-	-
k3r3/8/8/3pP3/8/8/8/4K3 w - d6 0 1	e1d1 e1d2 e1e2 e1f1 e1f2 e5e6	e1f2	k3r3/8/8/3pP3/8/8/5K2/8 b - - 1 1
k3r3/8/8/3pP3/8/8/8/4K3 w - d6 0 1	e1d1 e1d2 e1e2 e1f1 e1f2 e5e6	e1e2	k3r3/8/8/3pP3/8/8/4K3/8 b - - 1 1
k3r3/8/8/3pP3/8/8/8/4K3 w - d6 0 1	e1d1 e1d2 e1e2 e1f1 e1f2 e5e6	e1d2	k3r3/8/8/3pP3/8/8/3K4/8 b - - 1 1
k3r3/8/8/3pP3/8/8/8/4K3 w - d6 0 1	e1d1 e1d2 e1e2 e1f1 e1f2 e5e6	e1f1	k3r3/8/8/3pP3/8/8/8/5K2 b - - 1 1
k3r3/8/8/3pP3/8/8/8/4K3 w - d6 0 1	e1d1 e1d2 e1e2 e1f1 e1f2 e5e6	e1d1	k3r3/8/8/3pP3/8/8/8/3K4 b - - 1 1
k3r3/8/8/3pP3/8/8/8/4K3 w - d6 0 1	e1d1 e1d2 e1e2 e1f1 e1f2 e5e6	e5e6	k3r3/8/4P3/3p4/8/8/8/4K3 b - - 0 1
4r1k1/8/8/8/8/8/8/R3K2R w KQ - 0 1	e1d1 e1d2 e1f1 e1f2	-	-
4r1k1/8/8/8/8/8/8/R3K2R w KQ - 0 1	e1d1 e1d2 e1f1 e1f2	e1f2	4r1k1/8/8/8/8/8/5K2/R6R b - - 1 1
4r1k1/8/8/8/8/8/8/R3K2R w KQ - 0 1	e1d1 e1d2 e1f1 e1f2	e1d2	4r1k1/8/8/8/8/8/3K4/R6R b - - 1 1
4r1k1/8/8/8/8/8/8/R3K2R w KQ - 0 1	e1d1 e1d2 e1f1 e1f2	e1f1	4r1k1/8/8/8/8/8/8/R4K1R b - - 1 1
4r1k1/8/8/8/8/8/8/R3K2R w KQ - 0 1	e1d1 e1d2 e1f1 e1f2	e1d1	4r1k1/8/8/8/8/8/8/R2K3R b - - 1 1
7k/6Q1/6K1/8/8/8/8/8 b - - 0 1		-	-
7k/5Q2/6K1/8/8/8/8/8 b - - 0 1		-	-
rnbqkbnr/pppppppp/8/8/8/8/PPPPPPPP/RNBQKBNR w KQkq - 0 1	a2a3 a2a4 b1a3 b1c3 b2b3 b2b4 c2c3 c2c4 d2d3 d2d4 e2e3 e2e4 f2f3 f2f4 g1f3 g1h3 g2g3 g2g4 h2h3 h2h4	b1c3	rnbqkbnr/pppppppp/8/8/8/2N5/PPPPPPPP/R1BQKBNR b KQkq - 1 1
rnbqkbnr/pppppppp/8/8/8/2N5/PPPPPPPP/R1BQKBNR b KQkq - 1 1	a7a5 a7a6 b7b5 b7b6 b8a6 b8c6 c7c5 c7c6 d7d5 d7d6 e7e5 e7e6 f7f5 f7f6 g7g5 g7g6 g8f6 g8h6 h7h5 h7h6	d7d5	rnbqkbnr/ppp1pppp/8/3p4/8/2N5/PPPPPPPP/R1BQKBNR w KQkq d6 0 2
rnbqkbnr/ppp1pppp/8/3p4/8/2N5/PPPPPPPP/R1BQKBNR w KQkq d6 0 2	a1b1 a2a3 a2a4 b2b3 b2b4 c3a4 c3b1 c3b5 c3d5 c3e4 d2d3 d2d4 e2e3 e2e4 f2f3 f2f4 g1f3 g1h3 g2g3 g2g4 h2h3 h2h4	e2e3	rnbqkbnr/ppp1pppp/8/3p4/8/2N1P3/PPPP1PPP/R1BQKBNR b KQkq - 0 2
rnbqkbnr/ppp1pppp/8/3p4/8/2N1P3/PPPP1PPP/R1BQKBNR b KQkq - 0 2	a7a5 a7a6 b7b5 b7b6 b8a6 b8c6 b8d7 c7c5 c7c6 c8d7 c8e6 c8f5 c8g4 c8h3 d5d4 d8d6 d8d7 e7e5 e7e6 e8d7 f7f5 f7f6 g7g5 g7g6 g8f6 g8h6 h7h5 h7h6	e7e5	rnbqkbnr/ppp2ppp/8/3pp3/8/2N1P3/PPPP1PPP/R1BQKBNR w KQkq e6 0 3
rnbqkbnr/ppp2ppp/8/3pp3/8/2N1P3/PPPP1PPP/R1BQKBNR w KQkq e6 0 3	a1b1 a2a3 a2a4 b2b3 b2b4 c3a4 c3b1 c3b5 c3d5 c3e2 c3e4 d1e2 d1f3 d1g4 d1h5 d2d3 d2d4 e1e2 e3e4 f1a6 f1b5 f1c4 f1d3 f1e2 f2f3 f2f4 g1e2 g1f3 g1h3 g2g3 g2g4 h2h3 h2h4	d1h5	rnbqkbnr/ppp2ppp/8/3pp2Q/8/2N1P3/PPPP1PPP/R1B1KBNR b KQkq - 1 3
rnbqkbnr/ppp2ppp/8/3pp2Q/8/2N1P3/PPPP1PPP/R1B1KBNR b KQkq - 1 3	a7a5 a7a6 b7b5 b7b6 b8a6 b8c6 b8d7 c7c5 c7c6 c8d7 c8e6 c8f5 c8g4 c8h3 d5d4 d8d6 d8d7 d8e7 d8f6 d8g5 d8h4 e5e4 e8d7 e8e7 f8a3 f8b4 f8c5 f8d6 f8e7 g7g5 g7g6 g8e7 g8f6 g8h6 h7h6	b8c6	r1bqkbnr/ppp2ppp/2n5/3pp2Q/8/2N1P3/PPPP1PPP/R1B1KBNR w KQkq - 2 4
r1bqkbnr/ppp2ppp/2n5/3pp2Q/8/2N1P3/PPPP1PPP/R1B1KBNR w KQkq - 2 4	a1b1 a2a3 a2a4 b2b3 b2b4 c3a4 c3b1 c3b5 c3d1 c3d5 c3e2 c3e4 d2d3 d2d4 e1d1 e1e2 e3e4 f1a6 f1b5 f1c4 f1d3 f1e2 f2f3 f2f4 g1e2 g1f3 g1h3 g2g3 g2g4 h2h3 h2h4 h5d1 h5e2 h5e5 h5f3 h5f5 h5f7 h5g4 h5g5 h5g6 h5h3 h5h4 h5h6 h5h7	f1b5	r1bqkbnr/ppp2ppp/2n5/1B1pp2Q/8/2N1P3/PPPP1PPP/R1B1K1NR b KQkq - 3 4
r1bqkbnr/ppp2ppp/2n5/1B1pp2Q/8/2N1P3/PPPP1PPP/R1B1K1NR b KQkq - 3 4	a7a5 a7a6 a8b8 b7b6 c8d7 c8e6 c8f5 c8g4 c8h3 d5d4 d8d6 d8d7 d8e7 d8f6 d8g5 d8h4 e5e4 e8d7 e8e7 f8a3 f8b4 f8c5 f8d6 f8e7 g7g5 g7g6 g8e7 g8f6 g8h6 h7h6	g8f6	r1bqkb1r/ppp2ppp/2n2n2/1B1pp2Q/8/2N1P3/PPPP1PPP/R1B1K1NR w KQkq - 4 5
r1bqkb1r/ppp2ppp/2n2n2/1B1pp2Q/8/2N1P3/PPPP1PPP/R1B1K1NR w KQkq - 4 5	a1b1 a2a3 a2a4 b2b3 b2b4 b5a4 b5a6 b5c4 b5c6 b5d3 b5e2 b5f1 c3a4 c3b1 c3d1 c3d5 c3e2 c3e4 d2d3 d2d4 e1d1 e1e2 e1f1 e3e4 f2f3 f2f4 g1e2 g1f3 g1h3 g2g3 g2g4 h2h3 h2h4 h5d1 h5e2 h5e5 h5f3 h5f5 h5f7 h5g4 h5g5 h5g6 h5h3 h5h4 h5h6 h5h7	b5c6	r1bqkb1r/ppp2ppp/2B2n2/3pp2Q/8/2N1P3/PPPP1PPP/R1B1K1NR b KQkq - 0 5
r1bqkb1r/ppp2ppp/2B2n2/3pp2Q/8/2N1P3/PPPP1PPP/R1B1K1NR b KQkq - 0 5	b7c6 c8d7 d8d7 e8e7 f6d7	b7c6	r1bqkb1r/p1p2ppp/2p2n2/3pp2Q/8/2N1P3/PPPP1PPP/R1B1K1NR w KQkq - 0 6
r1bqkb1r/p1p2ppp/2p2n2/3pp2Q/8/2N1P3/PPPP1PPP/R1B1K1NR w KQkq - 0 6	a1b1 a2a3 a2a4 b2b3 b2b4 c3a4 c3b1 c3b5 c3d1 c3d5 c3e2 c3e4 d2d3 d2d4 e1d1 e1e2 e1f1 e3e4 f2f3 f2f4 g1e2 g1f3 g1h3 g2g3 g2g4 h2h3 h2h4 h5d1 h5e2 h5e5 h5f3 h5f5 h5f7 h5g4 h5g5 h5g6 h5h3 h5h4 h5h6 h5h7	h5e5	r1bqkb1r/p1p2ppp/2p2n2/3pQ3/8/2N1P3/PPPP1PPP/R1B1K1NR b KQkq - 0 6
r1bqkb1r/p1p2ppp/2p2n2/3pQ3/8/2N1P3/PPPP1PPP/R1B1K1NR b KQkq - 0 6	c8e6 d8e7 e8d7 f8e7	f8e7	r1bqk2r/p1p1bppp/2p2n2/3pQ3/8/2N1P3/PPPP1PPP/R1B1K1NR w KQkq - 1 7
r1bqk2r/p1p1bppp/2p2n2/3pQ3/8/2N1P3/PPPP1PPP/R1B1K1NR w KQkq - 1 7	a1b1 a2a3 a2a4 b2b3 b2b4 c3a4 c3b1 c3b5 c3d1 c3d5 c3e2 c3e4 d2d3 d2d4 e1d1 e1e2 e1f1 e3e4 e5c7 e5d4 e5d5 e5d6 e5e4 e5e6 e5e7 e5f4 e5f5 e5f6 e5g3 e5g5 e5h5 f2f3 f2f4 g1e2 g1f3 g1h3 g2g3 g2g4 h2h3 h2h4	g1f3	r1bqk2r/p1p1bppp/2p2n2/3pQ3/8/2N1PN2/PPPP1PPP/R1B1K2R b KQkq - 2 7
r1bqk2r/p1p1bppp/2p2n2/3pQ3/8/2N1PN2/PPPP1PPP/R1B1K2R b KQkq - 2 7	a7a5 a7a6 a8b8 c6c5 c8a6 c8b7 c8d7 c8e6 c8f5 c8g4 c8h3 d5d4 d8d6 d8d7 e8d7 e8f8 e8g8 f6d7 f6e4 f6g4 f6g8 f6h5 g7g5 g7g6 h7h5 h7h6 h8f8 h8g8	e8g8	r1bq1rk1/p1p1bppp/2p2n2/3pQ3/8/2N1PN2/PPPP1PPP/R1B1K2R w KQ - 3 8
r1bq1rk1/p1p1bppp/2p2n2/3pQ3/8/2N1PN2/PPPP1PPP/R1B1K2R w KQ - 3 8	a1b1 a2a3 a2a4 b2b3 b2b4 c3a4 c3b1 c3b5 c3d1 c3d5 c3e2 c3e4 d2d3 d2d4 e1d1 e1e2 e1f1 e1g1 e3e4 e5c7 e5d4 e5d5 e5d6 e5e4 e5e6 e5e7 e5f4 e5f5 e5f6 e5g3 e5g5 e5h5 f3d4 f3g1 f3g5 f3h4 g2g3 g2g4 h1f1 h1g1 h2h3 h2h4	e1g1	r1bq1rk1/p1p1bppp/2p2n2/3pQ3/8/2N1PN2/PPPP1PPP/R1B2RK1 b - - 4 8
r1bq1rk1/p1p1bppp/2p2n2/3pQ3/8/2N1PN2/PPPP1PPP/R1B2RK1 b - - 4 8	a7a5 a7a6 a8b8 c6c5 c8a6 c8b7 c8d7 c8e6 c8f5 c8g4 c8h3 d5d4 d8d6 d8d7 d8e8 e7a3 e7b4 e7c5 e7d6 f6d7 f6e4 f6e8 f6g4 f6h5 f8e8 g7g5 g7g6 g8h8 h7h5 h7h6	e7d6	r1bq1rk1/p1p2ppp/2pb1n2/3pQ3/8/2N1PN2/PPPP1PPP/R1B2RK1 w - - 5 9
r1bq1rk1/p1p2ppp/2pb1n2/3pQ3/8/2N1PN2/PPPP1PPP/R1B2RK1 w - - 5 9	a1b1 a2a3 a2a4 b2b3 b2b4 c3a4 c3b1 c3b5 c3d1 c3d5 c3e2 c3e4 d2d3 d2d4 e3e4 e5d4 e5d5 e5d6 e5e4 e5e6 e5e7 e5e8 e5f4 e5f5 e5f6 e5g3 e5g5 e5h5 f1d1 f1e1 f3d4 f3e1 f3g5 f3h4 g1h1 g2g3 g2g4 h2h3 h2h4	e5g5	r1bq1rk1/p1p2ppp/2pb1n2/3p2Q1/8/2N1PN2/PPPP1PPP/R1B2RK1 b - - 6 9
r1bq1rk1/p1p2ppp/2pb1n2/3p2Q1/8/2N1PN2/PPPP1PPP/R1B2RK1 b - - 6 9	a7a5 a7a6 a8b8 c6c5 c8a6 c8b7 c8d7 c8e6 c8f5 c8g4 c8h3 d5d4 d6a3 d6b4 d6c5 d6e5 d6e7 d6f4 d6g3 d6h2 d8d7 d8e7 d8e8 f6d7 f6e4 f6e8 f6g4 f6h5 f8e8 g7g6 g8h8 h7h5 h7h6	f8e8	r1bqr1k1/p1p2ppp/2pb1n2/3p2Q1/8/2N1PN2/PPPP1PPP/R1B2RK1 w - - 7 10
r1bqr1k1/p1p2ppp/2pb1n2/3p2Q1/8/2N1PN2/PPPP1PPP/R1B2RK1 w - - 7 10	a1b1 a2a3 a2a4 b2b3 b2b4 c3a4 c3b1 c3b5 c3d1 c3d5 c3e2 c3e4 d2d3 d2d4 e3e4 f1d1 f1e1 f3d4 f3e1 f3e5 f3h4 g1h1 g2g3 g2g4 g5d5 g5e5 g5f4 g5f5 g5f6 g5g3 g5g4 g5g6 g5g7 g5h4 g5h5 g5h6 h2h3 h2h4	a1b1	r1bqr1k1/p1p2ppp/2pb1n2/3p2Q1/8/2N1PN2/PPPP1PPP/1RB2RK1 b - - 8 10
r1bqr1k1/p1p2ppp/2pb1n2/3p2Q1/8/2N1PN2/PPPP1PPP/1RB2RK1 b - - 8 10	a7a5 a7a6 a8b8 c6c5 c8a6 c8b7 c8d7 c8e6 c8f5 c8g4 c8h3 d5d4 d6a3 d6b4 d6c5 d6e5 d6e7 d6f4 d6f8 d6g3 d6h2 d8d7 d8e7 e8e3 e8e4 e8e5 e8e6 e8e7 e8f8 f6d7 f6e4 f6g4 f6h5 g7g6 g8f8 g8h8 h7h5 h7h6	h7h6	r1bqr1k1/p1p2pp1/2pb1n1p/3p2Q1/8/2N1PN2/PPPP1PPP/1RB2RK1 w - - 0 11
r1bqr1k1/p1p2pp1/2pb1n1p/3p2Q1/8/2N1PN2/PPPP1PPP/1RB2RK1 w - - 0 11	a2a3 a2a4 b1a1 b2b3 b2b4 c3a4 c3b5 c3d1 c3d5 c3e2 c3e4 d2d3 d2d4 e3e4 f1d1 f1e1 f3d4 f3e1 f3e5 f3h4 g1h1 g2g3 g2g4 g5d5 g5e5 g5f4 g5f5 g5f6 g5g3 g5g4 g5g6 g5g7 g5h4 g5h5 g5h6 h2h3 h2h4	g5h4	r1bqr1k1/p1p2pp1/2pb1n1p/3p4/7Q/2N1PN2/PPPP1PPP/1RB2RK1 b - - 1 11
r1bqr1k1/p1p2pp1/2pb1n1p/3p4/7Q/2N1PN2/PPPP1PPP/1RB2RK1 b - - 1 11	a7a5 a7a6 a8b8 c6c5 c8a6 c8b7 c8d7 c8e6 c8f5 c8g4 c8h3 d5d4 d6a3 d6b4 d6c5 d6e5 d6e7 d6f4 d6f8 d6g3 d6h2 d8d7 d8e7 e8e3 e8e4 e8e5 e8e6 e8e7 e8f8 f6d7 f6e4 f6g4 f6h5 f6h7 g7g5 g7g6 g8f8 g8h7 g8h8 h6h5	c8g4	r2qr1k1/p1p2pp1/2pb1n1p/3p4/6bQ/2N1PN2/PPPP1PPP/1RB2RK1 w - - 2 12
r2qr1k1/p1p2pp1/2pb1n1p/3p4/6bQ/2N1PN2/PPPP1PPP/1RB2RK1 w - - 2 12	a2a3 a2a4 b1a1 b2b3 b2b4 c3a4 c3b5 c3d1 c3d5 c3e2 c3e4 d2d3 d2d4 e3e4 f1d1 f1e1 f3d4 f3e1 f3e5 f3g5 g1h1 g2g3 h2h3 h4f6 h4g3 h4g4 h4g5 h4h3 h4h5 h4h6	f3d4	r2qr1k1/p1p2pp1/2pb1n1p/3p4/3N2bQ/2N1P3/PPPP1PPP/1RB2RK1 b - - 3 12
r2qr1k1/p1p2pp1/2pb1n1p/3p4/3N2bQ/2N1P3/PPPP1PPP/1RB2RK1 b - - 3 12	a7a5 a7a6 a8b8 a8c8 c6c5 d6a3 d6b4 d6c5 d6e5 d6e7 d6f4 d6f8 d6g3 d6h2 d8b8 d8c8 d8d7 d8e7 e8e3 e8e4 e8e5 e8e6 e8e7 e8f8 f6d7 f6e4 f6h5 f6h7 g4c8 g4d1 g4d7 g4e2 g4e6 g4f3 g4f5 g4h3 g4h5 g7g5 g7g6 g8f8 g8h7 g8h8 h6h5	c6c5	r2qr1k1/p1p2pp1/3b1n1p/2pp4/3N2bQ/2N1P3/PPPP1PPP/1RB2RK1 w - - 0 13
r2qr1k1/p1p2pp1/3b1n1p/2pp4/3N2bQ/2N1P3/PPPP1PPP/1RB2RK1 w - - 0 13	a2a3 a2a4 b1a1 b2b3 b2b4 c3a4 c3b5 c3d1 c3d5 c3e2 c3e4 d2d3 d4b3 d4b5 d4c6 d4e2 d4e6 d4f3 d4f5 e3e4 f1d1 f1e1 f2f3 f2f4 g1h1 g2g3 h2h3 h4f6 h4g3 h4g4 h4g5 h4h3 h4h5 h4h6	d4b5	r2qr1k1/p1p2pp1/3b1n1p/1Npp4/6bQ/2N1P3/PPPP1PPP/1RB2RK1 b - - 1 13
r2qr1k1/p1p2pp1/3b1n1p/1Npp4/6bQ/2N1P3/PPPP1PPP/1RB2RK1 b - - 1 13	a7a5 a7a6 a8b8 a8c8 c5c4 c7c6 d5d4 d6e5 d6e7 d6f4 d6f8 d6g3 d6h2 d8b8 d8c8 d8d7 d8e7 e8e3 e8e4 e8e5 e8e6 e8e7 e8f8 f6d7 f6e4 f6h5 f6h7 g4c8 g4d1 g4d7 g4e2 g4e6 g4f3 g4f5 g4h3 g4h5 g7g5 g7g6 g8f8 g8h7 g8h8 h6h5	g7g5	r2qr1k1/p1p2p2/3b1n1p/1Npp2p1/6bQ/2N1P3/PPPP1PPP/1RB2RK1 w - g6 0 14
r2qr1k1/p1p2p2/3b1n1p/1Npp2p1/6bQ/2N1P3/PPPP1PPP/1RB2RK1 w - g6 0 14	a2a3 a2a4 b1a1 b2b3 b2b4 b5a3 b5a7 b5c7 b5d4 b5d6 c3a4 c3d1 c3d5 c3e2 c3e4 d2d3 d2d4 e3e4 f1d1 f1e1 f2f3 f2f4 g1h1 g2g3 h2h3 h4g3 h4g4 h4g5 h4h3 h4h5 h4h6	h4h6	r2qr1k1/p1p2p2/3b1n1Q/1Npp2p1/6b1/2N1P3/PPPP1PPP/1RB2RK1 b - - 0 14
r2qr1k1/p1p2p2/3b1n1Q/1Npp2p1/6b1/2N1P3/PPPP1PPP/1RB2RK1 b - - 0 14	a7a5 a7a6 a8b8 a8c8 c5c4 c7c6 d5d4 d6e5 d6e7 d6f4 d6f8 d6g3 d6h2 d8b8 d8c8 d8d7 d8e7 e8e3 e8e4 e8e5 e8e6 e8e7 e8f8 f6d7 f6e4 f6h5 f6h7 g4c8 g4d1 g4d7 g4e2 g4e6 g4f3 g4f5 g4h3 g4h5	f6h7	r2qr1k1/p1p2p1n/3b3Q/1Npp2p1/6b1/2N1P3/PPPP1PPP/1RB2RK1 w - - 1 15
r2qr1k1/p1p2p1n/3b3Q/1Npp2p1/6b1/2N1P3/PPPP1PPP/1RB2RK1 w - - 1 15	a2a3 a2a4 b1a1 b2b3 b2b4 b5a3 b5a7 b5c7 b5d4 b5d6 c3a4 c3d1 c3d5 c3e2 c3e4 d2d3 d2d4 e3e4 f1d1 f1e1 f2f3 f2f4 g1h1 g2g3 h2h3 h2h4 h6d6 h6e6 h6f6 h6f8 h6g5 h6g6 h6g7 h6h3 h6h4 h6h5 h6h7	b5d6	r2qr1k1/p1p2p1n/3N3Q/2pp2p1/6b1/2N1P3/PPPP1PPP/1RB2RK1 b - - 0 15
r2qr1k1/p1p2p1n/3N3Q/2pp2p1/6b1/2N1P3/PPPP1PPP/1RB2RK1 b - - 0 15	a7a5 a7a6 a8b8 a8c8 c5c4 c7c6 c7d6 d5d4 d8b8 d8c8 d8d6 d8d7 d8e7 d8f6 e8e3 e8e4 e8e5 e8e6 e8e7 e8f8 f7f5 f7f6 g4c8 g4d1 g4d7 g4e2 g4e6 g4f3 g4f5 g4h3 g4h5 g8h8 h7f6 h7f8	c7d6	r2qr1k1/p4p1n/3p3Q/2pp2p1/6b1/2N1P3/PPPP1PPP/1RB2RK1 w - - 0 16
r2qr1k1/p4p1n/3p3Q/2pp2p1/6b1/2N1P3/PPPP1PPP/1RB2RK1 w - - 0 16	a2a3 a2a4 b1a1 b2b3 b2b4 c3a4 c3b5 c3d1 c3d5 c3e2 c3e4 d2d3 d2d4 e3e4 f1d1 f1e1 f2f3 f2f4 g1h1 g2g3 h2h3 h2h4 h6d6 h6e6 h6f6 h6f8 h6g5 h6g6 h6g7 h6h3 h6h4 h6h5 h6h7	f2f3	r2qr1k1/p4p1n/3p3Q/2pp2p1/6b1/2N1PP2/PPPP2PP/1RB2RK1 b - - 0 16
r2qr1k1/p4p1n/3p3Q/2pp2p1/6b1/2N1PP2/PPPP2PP/1RB2RK1 b - - 0 16	a7a5 a7a6 a8b8 a8c8 c5c4 d5d4 d8a5 d8b6 d8b8 d8c7 d8c8 d8d7 d8e7 d8f6 e8e3 e8e4 e8e5 e8e6 e8e7 e8f8 f7f5 f7f6 g4c8 g4d7 g4e6 g4f3 g4f5 g4h3 g4h5 g8h8 h7f6 h7f8	e8e6	r2q2k1/p4p1n/3pr2Q/2pp2p1/6b1/2N1PP2/PPPP2PP/1RB2RK1 w - - 1 17
r2q2k1/p4p1n/3pr2Q/2pp2p1/6b1/2N1PP2/PPPP2PP/1RB2RK1 w - - 1 17	a2a3 a2a4 b1a1 b2b3 b2b4 c3a4 c3b5 c3d1 c3d5 c3e2 c3e4 d2d3 d2d4 e3e4 f1d1 f1e1 f1f2 f3f4 f3g4 g1f2 g1h1 g2g3 h2h3 h2h4 h6e6 h6f6 h6f8 h6g5 h6g6 h6g7 h6h3 h6h4 h6h5 h6h7	h6h7	r2q2k1/p4p1Q/3pr3/2pp2p1/6b1/2N1PP2/PPPP2PP/1RB2RK1 b - - 0 17
r2q2k1/p4p1Q/3pr3/2pp2p1/6b1/2N1PP2/PPPP2PP/1RB2RK1 b - - 0 17	g8f8 g8h7	g8h7	r2q4/p4p1k/3pr3/2pp2p1/6b1/2N1PP2/PPPP2PP/1RB2RK1 w - - 0 18
r2q4/p4p1k/3pr3/2pp2p1/6b1/2N1PP2/PPPP2PP/1RB2RK1 w - - 0 18	a2a3 a2a4 b1a1 b2b3 b2b4 c3a4 c3b5 c3d1 c3d5 c3e2 c3e4 d2d3 d2d4 e3e4 f1d1 f1e1 f1f2 f3f4 f3g4 g1f2 g1h1 g2g3 h2h3 h2h4	f3g4	r2q4/p4p1k/3pr3/2pp2p1/6P1/2N1P3/PPPP2PP/1RB2RK1 b - - 0 18
r2q4/p4p1k/3pr3/2pp2p1/6P1/2N1P3/PPPP2PP/1RB2RK1 b - - 0 18	a7a5 a7a6 a8b8 a8c8 c5c4 d5d4 d8a5 d8b6 d8b8 d8c7 d8c8 d8d7 d8e7 d8e8 d8f6 d8f8 d8g8 d8h8 e6e3 e6e4 e6e5 e6e7 e6e8 e6f6 e6g6 e6h6 f7f5 f7f6 h7g6 h7g7 h7g8 h7h6 h7h8	d5d4	r2q4/p4p1k/3pr3/2p3p1/3p2P1/2N1P3/PPPP2PP/1RB2RK1 w - - 0 19
r2q4/p4p1k/3pr3/2p3p1/3p2P1/2N1P3/PPPP2PP/1RB2RK1 w - - 0 19	a2a3 a2a4 b1a1 b2b3 b2b4 c3a4 c3b5 c3d1 c3d5 c3e2 c3e4 d2d3 e3d4 e3e4 f1d1 f1e1 f1f2 f1f3 f1f4 f1f5 f1f6 f1f7 g1f2 g1h1 g2g3 h2h3 h2h4	e3d4	r2q4/p4p1k/3pr3/2p3p1/3P2P1/2N5/PPPP2PP/1RB2RK1 b - - 0 19
r2q4/p4p1k/3pr3/2p3p1/3P2P1/2N5/PPPP2PP/1RB2RK1 b - - 0 19	a7a5 a7a6 a8b8 a8c8 c5c4 c5d4 d6d5 d8a5 d8b6 d8b8 d8c7 d8c8 d8d7 d8e7 d8e8 d8f6 d8f8 d8g8 d8h8 e6e1 e6e2 e6e3 e6e4 e6e5 e6e7 e6e8 e6f6 e6g6 e6h6 f7f5 f7f6 h7g6 h7g7 h7g8 h7h6 h7h8	c5d4	r2q4/p4p1k/3pr3/6p1/3p2P1/2N5/PPPP2PP/1RB2RK1 w - - 0 20
r2q4/p4p1k/3pr3/6p1/3p2P1/2N5/PPPP2PP/1RB2RK1 w - - 0 20	a2a3 a2a4 b1a1 b2b3 b2b4 c3a4 c3b5 c3d1 c3d5 c3e2 c3e4 d2d3 f1d1 f1e1 f1f2 f1f3 f1f4 f1f5 f1f6 f1f7 g1f2 g1h1 g2g3 h2h3 h2h4	c3d5	r2q4/p4p1k/3pr3/3N2p1/3p2P1/8/PPPP2PP/1RB2RK1 b - - 1 20
r2q4/p4p1k/3pr3/3N2p1/3p2P1/8/PPPP2PP/1RB2RK1 b - - 1 20	a7a5 a7a6 a8b8 a8c8 d4d3 d8a5 d8b6 d8b8 d8c7 d8c8 d8d7 d8e7 d8e8 d8f6 d8f8 d8g8 d8h8 e6e1 e6e2 e6e3 e6e4 e6e5 e6e7 e6e8 e6f6 e6g6 e6h6 f7f5 f7f6 h7g6 h7g7 h7g8 h7h6 h7h8	d8a5	r7/p4p1k/3pr3/q2N2p1/3p2P1/8/PPPP2PP/1RB2RK1 w - - 2 21
r7/p4p1k/3pr3/q2N2p1/3p2P1/8/PPPP2PP/1RB2RK1 w - - 2 21	a2a3 a2a4 b1a1 b2b3 b2b4 c2c3 c2c4 d2d3 d5b4 d5b6 d5c3 d5c7 d5e3 d5e7 d5f4 d5f6 f1d1 f1e1 f1f2 f1f3 f1f4 f1f5 f1f6 f1f7 g1f2 g1h1 g2g3 h2h3 h2h4	f1f7	r7/p4R1k/3pr3/q2N2p1/3p2P1/8/PPPP2PP/1RB3K1 b - - 0 21
r7/p4R1k/3pr3/q2N2p1/3p2P1/8/PPPP2PP/1RB3K1 b - - 0 21	h7g6 h7g8 h7h6 h7h8	h7g6	r7/p4R2/3pr1k1/q2N2p1/3p2P1/8/PPPP2PP/1RB3K1 w - - 1 22
r7/p4R2/3pr1k1/q2N2p1/3p2P1/8/PPPP2PP/1RB3K1 w - - 1 22	a2a3 a2a4 b1a1 b2b3 b2b4 c2c3 c2c4 d2d3 d5b4 d5b6 d5c3 d5c7 d5e3 d5e7 d5f4 d5f6 f7a7 f7b7 f7c7 f7d7 f7e7 f7f1 f7f2 f7f3 f7f4 f7f5 f7f6 f7f8 f7g7 f7h7 g1f1 g1f2 g1h1 g2g3 h2h3 h2h4	f7f1	r7/p7/3pr1k1/q2N2p1/3p2P1/8/PPPP2PP/1RB2RK1 b - - 2 22
r7/p7/3pr1k1/q2N2p1/3p2P1/8/PPPP2PP/1RB2RK1 b - - 2 22	a5a2 a5a3 a5a4 a5a6 a5b4 a5b5 a5b6 a5c3 a5c5 a5c7 a5d2 a5d5 a5d8 a7a6 a8b8 a8c8 a8d8 a8e8 a8f8 a8g8 a8h8 d4d3 e6e1 e6e2 e6e3 e6e4 e6e5 e6e7 e6e8 e6f6 g6g7 g6h6 g6h7	a5d5	r7/p7/3pr1k1/3q2p1/3p2P1/8/PPPP2PP/1RB2RK1 w - - 0 23
r7/p7/3pr1k1/3q2p1/3p2P1/8/PPPP2PP/1RB2RK1 w - - 0 23	a2a3 a2a4 b1a1 b2b3 b2b4 c2c3 c2c4 d2d3 f1d1 f1e1 f1f2 f1f3 f1f4 f1f5 f1f6 f1f7 f1f8 g1f2 g1h1 g2g3 h2h3 h2h4	b1a1	r7/p7/3pr1k1/3q2p1/3p2P1/8/PPPP2PP/R1B2RK1 b - - 1 23
r7/p7/3pr1k1/3q2p1/3p2P1/8/PPPP2PP/R1B2RK1 b - - 1 23	a7a5 a7a6 a8b8 a8c8 a8d8 a8e8 a8f8 a8g8 a8h8 d4d3 d5a2 d5a5 d5b3 d5b5 d5b7 d5c4 d5c5 d5c6 d5e4 d5e5 d5f3 d5f5 d5g2 e6e1 e6e2 e6e3 e6e4 e6e5 e6e7 e6e8 e6f6 g6g7 g6h6 g6h7	e6e2	r7/p7/3p2k1/3q2p1/3p2P1/8/PPPPr1PP/R1B2RK1 w - - 2 24
r7/p7/3p2k1/3q2p1/3p2P1/8/PPPPr1PP/R1B2RK1 w - - 2 24	a1b1 a2a3 a2a4 b2b3 b2b4 c2c3 c2c4 d2d3 f1d1 f1e1 f1f2 f1f3 f1f4 f1f5 f1f6 f1f7 f1f8 g1h1 g2g3 h2h3 h2h4	f1f2	r7/p7/3p2k1/3q2p1/3p2P1/8/PPPPrRPP/R1B3K1 b - - 3 24
r7/p7/3p2k1/3q2p1/3p2P1/8/PPPPrRPP/R1B3K1 b - - 3 24	a7a5 a7a6 a8b8 a8c8 a8d8 a8e8 a8f8 a8g8 a8h8 d4d3 d5a2 d5a5 d5b3 d5b5 d5b7 d5c4 d5c5 d5c6 d5e4 d5e5 d5e6 d5f3 d5f5 d5f7 d5g2 d5g8 e2d2 e2e1 e2e3 e2e4 e2e5 e2e6 e2e7 e2e8 e2f2 g6g7 g6h6 g6h7	d4d3	r7/p7/3p2k1/3q2p1/6P1/3p4/PPPPrRPP/R1B3K1 w - - 0 25
r7/p7/3p2k1/3q2p1/6P1/3p4/PPPPrRPP/R1B3K1 w - - 0 25	a1b1 a2a3 a2a4 b2b3 b2b4 c2c3 c2c4 c2d3 f2e2 f2f1 f2f3 f2f4 f2f5 f2f6 f2f7 f2f8 g1f1 g1h1 g2g3 h2h3 h2h4	f2e2	r7/p7/3p2k1/3q2p1/6P1/3p4/PPPPR1PP/R1B3K1 b - - 0 25
r7/p7/3p2k1/3q2p1/6P1/3p4/PPPPR1PP/R1B3K1 b - - 0 25	a7a5 a7a6 a8b8 a8c8 a8d8 a8e8 a8f8 a8g8 a8h8 d3c2 d3e2 d5a2 d5a5 d5b3 d5b5 d5b7 d5c4 d5c5 d5c6 d5d4 d5e4 d5e5 d5e6 d5f3 d5f5 d5f7 d5g2 d5g8 g6f6 g6f7 g6g7 g6h6 g6h7	d3e2	r7/p7/3p2k1/3q2p1/6P1/8/PPPPp1PP/R1B3K1 w - - 0 26
r7/p7/3p2k1/3q2p1/6P1/8/PPPPp1PP/R1B3K1 w - - 0 26	a1b1 a2a3 a2a4 b2b3 b2b4 c2c3 c2c4 d2d3 d2d4 g1f2 g1h1 g2g3 h2h3 h2h4	a2a3	r7/p7/3p2k1/3q2p1/6P1/P7/1PPPp1PP/R1B3K1 b - - 0 26
r7/p7/3p2k1/3q2p1/6P1/P7/1PPPp1PP/R1B3K1 b - - 0 26	a7a5 a7a6 a8b8 a8c8 a8d8 a8e8 a8f8 a8g8 a8h8 d5a2 d5a5 d5b3 d5b5 d5b7 d5c4 d5c5 d5c6 d5d2 d5d3 d5d4 d5e4 d5e5 d5e6 d5f3 d5f5 d5f7 d5g2 d5g8 e2e1b e2e1n e2e1q e2e1r g6f6 g6f7 g6g7 g6h6 g6h7	e2e1q	r7/p7/3p2k1/3q2p1/6P1/P7/1PPP2PP/R1B1q1K1 w - - 0 27
r7/p7/3p2k1/3q2p1/6P1/P7/1PPP2PP/R1B1q1K1 w - - 0 27		-	-
rnbqkbnr/pppppppp/8/8/8/8/PPPPPPPP/RNBQKBNR w KQkq - 0 1	a2a3 a2a4 b1a3 b1c3 b2b3 b2b4 c2c3 c2c4 d2d3 d2d4 e2e3 e2e4 f2f3 f2f4 g1f3 g1h3 g2g3 g2g4 h2h3 h2h4	e2e4	rnbqkbnr/pppppppp/8/8/4P3/8/PPPP1PPP/RNBQKBNR b KQkq e3 0 1
rnbqkbnr/pppppppp/8/8/4P3/8/PPPP1PPP/RNBQKBNR b KQkq e3 0 1	a7a5 a7a6 b7b5 b7b6 b8a6 b8c6 c7c5 c7c6 d7d5 d7d6 e7e5 e7e6 f7f5 f7f6 g7g5 g7g6 g8f6 g8h6 h7h5 h7h6	b8c6	r1bqkbnr/pppppppp/2n5/8/4P3/8/PPPP1PPP/RNBQKBNR w KQkq - 1 2
r1bqkbnr/pppppppp/2n5/8/4P3/8/PPPP1PPP/RNBQKBNR w KQkq - 1 2	a2a3 a2a4 b1a3 b1c3 b2b3 b2b4 c2c3 c2c4 d1e2 d1f3 d1g4 d1h5 d2d3 d2d4 e1e2 e4e5 f1a6 f1b5 f1c4 f1d3 f1e2 f2f3 f2f4 g1e2 g1f3 g1h3 g2g3 g2g4 h2h3 h2h4	d2d4	r1bqkbnr/pppppppp/2n5/8/3PP3/8/PPP2PPP/RNBQKBNR b KQkq d3 0 2
r1bqkbnr/pppppppp/2n5/8/3PP3/8/PPP2PPP/RNBQKBNR b KQkq d3 0 2	a7a5 a7a6 a8b8 b7b5 b7b6 c6a5 c6b4 c6b8 c6d4 c6e5 d7d5 d7d6 e7e5 e7e6 f7f5 f7f6 g7g5 g7g6 g8f6 g8h6 h7h5 h7h6	g8f6	r1bqkb1r/pppppppp/2n2n2/8/3PP3/8/PPP2PPP/RNBQKBNR w KQkq - 1 3
r1bqkb1r/pppppppp/2n2n2/8/3PP3/8/PPP2PPP/RNBQKBNR w KQkq - 1 3	a2a3 a2a4 b1a3 b1c3 b1d2 b2b3 b2b4 c1d2 c1e3 c1f4 c1g5 c1h6 c2c3 c2c4 d1d2 d1d3 d1e2 d1f3 d1g4 d1h5 d4d5 e1d2 e1e2 e4e5 f1a6 f1b5 f1c4 f1d3 f1e2 f2f3 f2f4 g1e2 g1f3 g1h3 g2g3 g2g4 h2h3 h2h4	d4d5	r1bqkb1r/pppppppp/2n2n2/3P4/4P3/8/PPP2PPP/RNBQKBNR b KQkq - 0 3
r1bqkb1r/pppppppp/2n2n2/3P4/4P3/8/PPP2PPP/RNBQKBNR b KQkq - 0 3	a7a5 a7a6 a8b8 b7b5 b7b6 c6a5 c6b4 c6b8 c6d4 c6e5 d7d6 e7e5 e7e6 f6d5 f6e4 f6g4 f6g8 f6h5 g7g5 g7g6 h7h5 h7h6 h8g8	c6e5	r1bqkb1r/pppppppp/5n2/3Pn3/4P3/8/PPP2PPP/RNBQKBNR w KQkq - 1 4
r1bqkb1r/pppppppp/5n2/3Pn3/4P3/8/PPP2PPP/RNBQKBNR w KQkq - 1 4	a2a3 a2a4 b1a3 b1c3 b1d2 b2b3 b2b4 c1d2 c1e3 c1f4 c1g5 c1h6 c2c3 c2c4 d1d2 d1d3 d1d4 d1e2 d1f3 d1g4 d1h5 d5d6 e1d2 e1e2 f1a6 f1b5 f1c4 f1d3 f1e2 f2f3 f2f4 g1e2 g1f3 g1h3 g2g3 g2g4 h2h3 h2h4	f2f4	r1bqkb1r/pppppppp/5n2/3Pn3/4PP2/8/PPP3PP/RNBQKBNR b KQkq f3 0 4
r1bqkb1r/pppppppp/5n2/3Pn3/4PP2/8/PPP3PP/RNBQKBNR b KQkq f3 0 4	a7a5 a7a6 a8b8 b7b5 b7b6 c7c5 c7c6 d7d6 e5c4 e5c6 e5d3 e5f3 e5g4 e5g6 e7e6 f6d5 f6e4 f6g4 f6g8 f6h5 g7g5 g7g6 h7h5 h7h6 h8g8	e5g6	r1bqkb1r/pppppppp/5nn1/3P4/4PP2/8/PPP3PP/RNBQKBNR w KQkq - 1 5
r1bqkb1r/pppppppp/5nn1/3P4/4PP2/8/PPP3PP/RNBQKBNR w KQkq - 1 5	a2a3 a2a4 b1a3 b1c3 b1d2 b2b3 b2b4 c1d2 c1e3 c2c3 c2c4 d1d2 d1d3 d1d4 d1e2 d1f3 d1g4 d1h5 d5d6 e1d2 e1e2 e1f2 e4e5 f1a6 f1b5 f1c4 f1d3 f1e2 f4f5 g1e2 g1f3 g1h3 g2g3 g2g4 h2h3 h2h4	e4e5	r1bqkb1r/pppppppp/5nn1/3PP3/5P2/8/PPP3PP/RNBQKBNR b KQkq - 0 5
r1bqkb1r/pppppppp/5nn1/3PP3/5P2/8/PPP3PP/RNBQKBNR b KQkq - 0 5	a7a5 a7a6 a8b8 b7b5 b7b6 c7c5 c7c6 d7d6 e7e6 f6d5 f6e4 f6g4 f6g8 f6h5 g6e5 g6f4 g6h4 h7h5 h7h6 h8g8	f6g8	r1bqkbnr/pppppppp/6n1/3PP3/5P2/8/PPP3PP/RNBQKBNR w KQkq - 1 6
r1bqkbnr/pppppppp/6n1/3PP3/5P2/8/PPP3PP/RNBQKBNR w KQkq - 1 6	a2a3 a2a4 b1a3 b1c3 b1d2 b2b3 b2b4 c1d2 c1e3 c2c3 c2c4 d1d2 d1d3 d1d4 d1e2 d1f3 d1g4 d1h5 d5d6 e1d2 e1e2 e1f2 e5e6 f1a6 f1b5 f1c4 f1d3 f1e2 f4f5 g1e2 g1f3 g1h3 g2g3 g2g4 h2h3 h2h4	f1d3	r1bqkbnr/pppppppp/6n1/3PP3/5P2/3B4/PPP3PP/RNBQK1NR b KQkq - 2 6
r1bqkbnr/pppppppp/6n1/3PP3/5P2/3B4/PPP3PP/RNBQK1NR b KQkq - 2 6	a7a5 a7a6 a8b8 b7b5 b7b6 c7c5 c7c6 d7d6 e7e6 f7f5 f7f6 g6e5 g6f4 g6h4 g8f6 g8h6 h7h5 h7h6	e7e6	r1bqkbnr/pppp1ppp/4p1n1/3PP3/5P2/3B4/PPP3PP/RNBQK1NR w KQkq - 0 7
r1bqkbnr/pppp1ppp/4p1n1/3PP3/5P2/3B4/PPP3PP/RNBQK1NR w KQkq - 0 7	a2a3 a2a4 b1a3 b1c3 b1d2 b2b3 b2b4 c1d2 c1e3 c2c3 c2c4 d1d2 d1e2 d1f3 d1g4 d1h5 d3a6 d3b5 d3c4 d3e2 d3e4 d3f1 d3f5 d3g6 d5d6 d5e6 e1d2 e1e2 e1f1 e1f2 f4f5 g1e2 g1f3 g1h3 g2g3 g2g4 h2h3 h2h4	d1e2	r1bqkbnr/pppp1ppp/4p1n1/3PP3/5P2/3B4/PPP1Q1PP/RNB1K1NR b KQkq - 1 7
r1bqkbnr/pppp1ppp/4p1n1/3PP3/5P2/3B4/PPP1Q1PP/RNB1K1NR b KQkq - 1 7	a7a5 a7a6 a8b8 b7b5 b7b6 c7c5 c7c6 d7d6 d8e7 d8f6 d8g5 d8h4 e6d5 e8e7 f7f5 f7f6 f8a3 f8b4 f8c5 f8d6 f8e7 g6e5 g6e7 g6f4 g6h4 g8e7 g8f6 g8h6 h7h5 h7h6	e6d5	r1bqkbnr/pppp1ppp/6n1/3pP3/5P2/3B4/PPP1Q1PP/RNB1K1NR w KQkq - 0 8
r1bqkbnr/pppp1ppp/6n1/3pP3/5P2/3B4/PPP1Q1PP/RNB1K1NR w KQkq - 0 8	a2a3 a2a4 b1a3 b1c3 b1d2 b2b3 b2b4 c1d2 c1e3 c2c3 c2c4 d3a6 d3b5 d3c4 d3e4 d3f5 d3g6 e1d1 e1d2 e1f1 e1f2 e2d1 e2d2 e2e3 e2e4 e2f1 e2f2 e2f3 e2g4 e2h5 e5e6 f4f5 g1f3 g1h3 g2g3 g2g4 h2h3 h2h4	f4f5	r1bqkbnr/pppp1ppp/6n1/3pPP2/8/3B4/PPP1Q1PP/RNB1K1NR b KQkq - 0 8
r1bqkbnr/pppp1ppp/6n1/3pPP2/8/3B4/PPP1Q1PP/RNB1K1NR b KQkq - 0 8	a7a5 a7a6 a8b8 b7b5 b7b6 c7c5 c7c6 d5d4 d7d6 d8e7 d8f6 d8g5 d8h4 e8e7 f7f6 f8a3 f8b4 f8c5 f8d6 f8e7 g6e5 g6e7 g6f4 g6h4 g8e7 g8f6 g8h6 h7h5 h7h6	g6e7	r1bqkbnr/ppppnppp/8/3pPP2/8/3B4/PPP1Q1PP/RNB1K1NR w KQkq - 1 9
r1bqkbnr/ppppnppp/8/3pPP2/8/3B4/PPP1Q1PP/RNB1K1NR w KQkq - 1 9	a2a3 a2a4 b1a3 b1c3 b1d2 b2b3 b2b4 c1d2 c1e3 c1f4 c1g5 c1h6 c2c3 c2c4 d3a6 d3b5 d3c4 d3e4 e1d1 e1d2 e1f1 e1f2 e2d1 e2d2 e2e3 e2e4 e2f1 e2f2 e2f3 e2g4 e2h5 e5e6 f5f6 g1f3 g1h3 g2g3 g2g4 h2h3 h2h4	g1f3	r1bqkbnr/ppppnppp/8/3pPP2/8/3B1N2/PPP1Q1PP/RNB1K2R b KQkq - 2 9
r1bqkbnr/ppppnppp/8/3pPP2/8/3B1N2/PPP1Q1PP/RNB1K2R b KQkq - 2 9	a7a5 a7a6 a8b8 b7b5 b7b6 c7c5 c7c6 d5d4 d7d6 e7c6 e7f5 e7g6 f7f6 g7g5 g7g6 g8f6 g8h6 h7h5 h7h6	c7c5	r1bqkbnr/pp1pnppp/8/2ppPP2/8/3B1N2/PPP1Q1PP/RNB1K2R w KQkq c6 0 10
r1bqkbnr/pp1pnppp/8/2ppPP2/8/3B1N2/PPP1Q1PP/RNB1K2R w KQkq c6 0 10	a2a3 a2a4 b1a3 b1c3 b1d2 b2b3 b2b4 c1d2 c1e3 c1f4 c1g5 c1h6 c2c3 c2c4 d3a6 d3b5 d3c4 d3e4 e1d1 e1d2 e1f1 e1f2 e1g1 e2d1 e2d2 e2e3 e2e4 e2f1 e2f2 e5e6 f3d2 f3d4 f3g1 f3g5 f3h4 f5f6 g2g3 g2g4 h1f1 h1g1 h2h3 h2h4	c2c4	r1bqkbnr/pp1pnppp/8/2ppPP2/2P5/3B1N2/PP2Q1PP/RNB1K2R b KQkq c3 0 10
r1bqkbnr/pp1pnppp/8/2ppPP2/2P5/3B1N2/PP2Q1PP/RNB1K2R b KQkq c3 0 10	a7a5 a7a6 a8b8 b7b5 b7b6 d5c4 d5d4 d7d6 d8a5 d8b6 d8c7 e7c6 e7f5 e7g6 f7f6 g7g5 g7g6 g8f6 g8h6 h7h5 h7h6	d5c4	r1bqkbnr/pp1pnppp/8/2p1PP2/2p5/3B1N2/PP2Q1PP/RNB1K2R w KQkq - 0 11
r1bqkbnr/pp1pnppp/8/2p1PP2/2p5/3B1N2/PP2Q1PP/RNB1K2R w KQkq - 0 11	a2a3 a2a4 b1a3 b1c3 b1d2 b2b3 b2b4 c1d2 c1e3 c1f4 c1g5 c1h6 d3c2 d3c4 d3e4 e1d1 e1d2 e1f1 e1f2 e1g1 e2c2 e2d1 e2d2 e2e3 e2e4 e2f1 e2f2 e5e6 f3d2 f3d4 f3g1 f3g5 f3h4 f5f6 g2g3 g2g4 h1f1 h1g1 h2h3 h2h4	d3c4	r1bqkbnr/pp1pnppp/8/2p1PP2/2B5/5N2/PP2Q1PP/RNB1K2R b KQkq - 0 11
r1bqkbnr/pp1pnppp/8/2p1PP2/2B5/5N2/PP2Q1PP/RNB1K2R b KQkq - 0 11	a7a5 a7a6 a8b8 b7b5 b7b6 d7d5 d7d6 d8a5 d8b6 d8c7 e7c6 e7d5 e7f5 e7g6 f7f6 g7g5 g7g6 g8f6 g8h6 h7h5 h7h6	e7f5	r1bqkbnr/pp1p1ppp/8/2p1Pn2/2B5/5N2/PP2Q1PP/RNB1K2R w KQkq - 0 12
r1bqkbnr/pp1p1ppp/8/2p1Pn2/2B5/5N2/PP2Q1PP/RNB1K2R w KQkq - 0 12	a2a3 a2a4 b1a3 b1c3 b1d2 b2b3 b2b4 c1d2 c1e3 c1f4 c1g5 c1h6 c4a6 c4b3 c4b5 c4d3 c4d5 c4e6 c4f7 e1d1 e1d2 e1f1 e1f2 e1g1 e2c2 e2d1 e2d2 e2d3 e2e3 e2e4 e2f1 e2f2 e5e6 f3d2 f3d4 f3g1 f3g5 f3h4 g2g3 g2g4 h1f1 h1g1 h2h3 h2h4	e1g1	r1bqkbnr/pp1p1ppp/8/2p1Pn2/2B5/5N2/PP2Q1PP/RNB2RK1 b kq - 1 12
r1bqkbnr/pp1p1ppp/8/2p1Pn2/2B5/5N2/PP2Q1PP/RNB2RK1 b kq - 1 12	a7a5 a7a6 a8b8 b7b5 b7b6 d7d5 d7d6 d8a5 d8b6 d8c7 d8e7 d8f6 d8g5 d8h4 e8e7 f5d4 f5d6 f5e3 f5e7 f5g3 f5h4 f5h6 f7f6 f8d6 f8e7 g7g5 g7g6 g8e7 g8f6 g8h6 h7h5 h7h6	g8h6	r1bqkb1r/pp1p1ppp/7n/2p1Pn2/2B5/5N2/PP2Q1PP/RNB2RK1 w kq - 2 13
r1bqkb1r/pp1p1ppp/7n/2p1Pn2/2B5/5N2/PP2Q1PP/RNB2RK1 w kq - 2 13	a2a3 a2a4 b1a3 b1c3 b1d2 b2b3 b2b4 c1d2 c1e3 c1f4 c1g5 c1h6 c4a6 c4b3 c4b5 c4d3 c4d5 c4e6 c4f7 e2c2 e2d1 e2d2 e2d3 e2e1 e2e3 e2e4 e2f2 e5e6 f1d1 f1e1 f1f2 f3d2 f3d4 f3e1 f3g5 f3h4 g1f2 g1h1 g2g3 g2g4 h2h3 h2h4	g2g4	r1bqkb1r/pp1p1ppp/7n/2p1Pn2/2B3P1/5N2/PP2Q2P/RNB2RK1 b kq g3 0 13
r1bqkb1r/pp1p1ppp/7n/2p1Pn2/2B3P1/5N2/PP2Q2P/RNB2RK1 b kq g3 0 13	a7a5 a7a6 a8b8 b7b5 b7b6 d7d5 d7d6 d8a5 d8b6 d8c7 d8e7 d8f6 d8g5 d8h4 e8e7 f5d4 f5d6 f5e3 f5e7 f5g3 f5h4 f7f6 f8d6 f8e7 g7g5 g7g6 h6g4 h6g8 h8g8	h6g4	r1bqkb1r/pp1p1ppp/8/2p1Pn2/2B3n1/5N2/PP2Q2P/RNB2RK1 w kq - 0 14
r1bqkb1r/pp1p1ppp/8/2p1Pn2/2B3n1/5N2/PP2Q2P/RNB2RK1 w kq - 0 14	a2a3 a2a4 b1a3 b1c3 b1d2 b2b3 b2b4 c1d2 c1e3 c1f4 c1g5 c1h6 c4a6 c4b3 c4b5 c4d3 c4d5 c4e6 c4f7 e2c2 e2d1 e2d2 e2d3 e2e1 e2e3 e2e4 e2f2 e2g2 e5e6 f1d1 f1e1 f1f2 f3d2 f3d4 f3e1 f3g5 f3h4 g1g2 g1h1 h2h3 h2h4	f3g5	r1bqkb1r/pp1p1ppp/8/2p1PnN1/2B3n1/8/PP2Q2P/RNB2RK1 b kq - 1 14
r1bqkb1r/pp1p1ppp/8/2p1PnN1/2B3n1/8/PP2Q2P/RNB2RK1 b kq - 1 14	a7a5 a7a6 a8b8 b7b5 b7b6 d7d5 d7d6 d8a5 d8b6 d8c7 d8e7 d8f6 d8g5 e8e7 f5d4 f5d6 f5e3 f5e7 f5g3 f5h4 f5h6 f7f6 f8d6 f8e7 g4e3 g4e5 g4f2 g4f6 g4h2 g4h6 g7g6 h7h5 h7h6 h8g8	g4h6	r1bqkb1r/pp1p1ppp/7n/2p1PnN1/2B5/8/PP2Q2P/RNB2RK1 w kq - 2 15
r1bqkb1r/pp1p1ppp/7n/2p1PnN1/2B5/8/PP2Q2P/RNB2RK1 w kq - 2 15	a2a3 a2a4 b1a3 b1c3 b1d2 b2b3 b2b4 c1d2 c1e3 c1f4 c4a6 c4b3 c4b5 c4d3 c4d5 c4e6 c4f7 e2c2 e2d1 e2d2 e2d3 e2e1 e2e3 e2e4 e2f2 e2f3 e2g2 e2g4 e2h5 e5e6 f1d1 f1e1 f1f2 f1f3 f1f4 f1f5 g1f2 g1g2 g1h1 g5e4 g5e6 g5f3 g5f7 g5h3 g5h7 h2h3 h2h4	f1f5	r1bqkb1r/pp1p1ppp/7n/2p1PRN1/2B5/8/PP2Q2P/RNB3K1 b kq - 0 15
r1bqkb1r/pp1p1ppp/7n/2p1PRN1/2B5/8/PP2Q2P/RNB3K1 b kq - 0 15	a7a5 a7a6 a8b8 b7b5 b7b6 d7d5 d7d6 d8a5 d8b6 d8c7 d8e7 d8f6 d8g5 e8e7 f7f6 f8d6 f8e7 g7g6 h6f5 h6g4 h6g8 h8g8	h6f5	r1bqkb1r/pp1p1ppp/8/2p1PnN1/2B5/8/PP2Q2P/RNB3K1 w kq - 0 16
r1bqkb1r/pp1p1ppp/8/2p1PnN1/2B5/8/PP2Q2P/RNB3K1 w kq - 0 16	a2a3 a2a4 b1a3 b1c3 b1d2 b2b3 b2b4 c1d2 c1e3 c1f4 c4a6 c4b3 c4b5 c4d3 c4d5 c4e6 c4f7 e2c2 e2d1 e2d2 e2d3 e2e1 e2e3 e2e4 e2f1 e2f2 e2f3 e2g2 e2g4 e2h5 e5e6 g1f1 g1f2 g1g2 g1h1 g5e4 g5e6 g5f3 g5f7 g5h3 g5h7 h2h3 h2h4	c4f7	r1bqkb1r/pp1p1Bpp/8/2p1PnN1/8/8/PP2Q2P/RNB3K1 b kq - 0 16
r1bqkb1r/pp1p1Bpp/8/2p1PnN1/8/8/PP2Q2P/RNB3K1 b kq - 0 16	e8e7	e8e7	r1bq1b1r/pp1pkBpp/8/2p1PnN1/8/8/PP2Q2P/RNB3K1 w - - 1 17
r1bq1b1r/pp1pkBpp/8/2p1PnN1/8/8/PP2Q2P/RNB3K1 w - - 1 17	a2a3 a2a4 b1a3 b1c3 b1d2 b2b3 b2b4 c1d2 c1e3 c1f4 e2a6 e2b5 e2c2 e2c4 e2d1 e2d2 e2d3 e2e1 e2e3 e2e4 e2f1 e2f2 e2f3 e2g2 e2g4 e2h5 e5e6 f7b3 f7c4 f7d5 f7e6 f7e8 f7g6 f7g8 f7h5 g1f1 g1f2 g1g2 g1h1 g5e4 g5e6 g5f3 g5h3 g5h7 h2h3 h2h4	b1c3	r1bq1b1r/pp1pkBpp/8/2p1PnN1/8/2N5/PP2Q2P/R1B3K1 b - - 2 17
r1bq1b1r/pp1pkBpp/8/2p1PnN1/8/2N5/PP2Q2P/R1B3K1 b - - 2 17	a7a5 a7a6 a8b8 b7b5 b7b6 c5c4 d7d5 d7d6 d8a5 d8b6 d8c7 d8e8 f5d4 f5d6 f5e3 f5g3 f5h4 f5h6 g7g6 h7h5 h7h6 h8g8	d8a5	r1b2b1r/pp1pkBpp/8/q1p1PnN1/8/2N5/PP2Q2P/R1B3K1 w - - 3 18
r1b2b1r/pp1pkBpp/8/q1p1PnN1/8/2N5/PP2Q2P/R1B3K1 w - - 3 18	a1b1 a2a3 a2a4 b2b3 b2b4 c1d2 c1e3 c1f4 c3a4 c3b1 c3b5 c3d1 c3d5 c3e4 e2a6 e2b5 e2c2 e2c4 e2d1 e2d2 e2d3 e2e1 e2e3 e2e4 e2f1 e2f2 e2f3 e2g2 e2g4 e2h5 e5e6 f7b3 f7c4 f7d5 f7e6 f7e8 f7g6 f7g8 f7h5 g1f1 g1f2 g1g2 g1h1 g5e4 g5e6 g5f3 g5h3 g5h7 h2h3 h2h4	c1d2	r1b2b1r/pp1pkBpp/8/q1p1PnN1/8/2N5/PP1BQ2P/R5K1 b - - 4 18
r1b2b1r/pp1pkBpp/8/q1p1PnN1/8/2N5/PP1BQ2P/R5K1 b - - 4 18	a5a2 a5a3 a5a4 a5a6 a5b4 a5b5 a5b6 a5c3 a5c7 a5d8 a7a6 a8b8 b7b5 b7b6 c5c4 d7d5 d7d6 e7d8 f5d4 f5d6 f5e3 f5g3 f5h4 f5h6 g7g6 h7h5 h7h6 h8g8	e7d8	r1bk1b1r/pp1p1Bpp/8/q1p1PnN1/8/2N5/PP1BQ2P/R5K1 w - - 5 19
r1bk1b1r/pp1p1Bpp/8/q1p1PnN1/8/2N5/PP1BQ2P/R5K1 w - - 5 19	a1b1 a1c1 a1d1 a1e1 a1f1 a2a3 a2a4 b2b3 b2b4 c3a4 c3b1 c3b5 c3d1 c3d5 c3e4 d2c1 d2e1 d2e3 d2f4 e2a6 e2b5 e2c4 e2d1 e2d3 e2e1 e2e3 e2e4 e2f1 e2f2 e2f3 e2g2 e2g4 e2h5 e5e6 f7b3 f7c4 f7d5 f7e6 f7e8 f7g6 f7g8 f7h5 g1f1 g1f2 g1g2 g1h1 g5e4 g5e6 g5f3 g5h3 g5h7 h2h3 h2h4	f7c4	r1bk1b1r/pp1p2pp/8/q1p1PnN1/2B5/2N5/PP1BQ2P/R5K1 b - - 6 19
r1bk1b1r/pp1p2pp/8/q1p1PnN1/2B5/2N5/PP1BQ2P/R5K1 b - - 6 19	a5a2 a5a3 a5a4 a5a6 a5b4 a5b5 a5b6 a5c3 a5c7 a7a6 a8b8 b7b5 b7b6 d7d5 d7d6 d8c7 d8e7 d8e8 f5d4 f5d6 f5e3 f5e7 f5g3 f5h4 f5h6 f8d6 f8e7 g7g6 h7h5 h7h6 h8g8	f5h6	r1bk1b1r/pp1p2pp/7n/q1p1P1N1/2B5/2N5/PP1BQ2P/R5K1 w - - 7 20
r1bk1b1r/pp1p2pp/7n/q1p1P1N1/2B5/2N5/PP1BQ2P/R5K1 w - - 7 20	a1b1 a1c1 a1d1 a1e1 a1f1 a2a3 a2a4 b2b3 b2b4 c3a4 c3b1 c3b5 c3d1 c3d5 c3e4 c4a6 c4b3 c4b5 c4d3 c4d5 c4e6 c4f7 c4g8 d2c1 d2e1 d2e3 d2f4 e2d1 e2d3 e2e1 e2e3 e2e4 e2f1 e2f2 e2f3 e2g2 e2g4 e2h5 e5e6 g1f1 g1f2 g1g2 g1h1 g5e4 g5e6 g5f3 g5f7 g5h3 g5h7 h2h3 h2h4	e5e6	r1bk1b1r/pp1p2pp/4P2n/q1p3N1/2B5/2N5/PP1BQ2P/R5K1 b - - 0 20
r1bk1b1r/pp1p2pp/4P2n/q1p3N1/2B5/2N5/PP1BQ2P/R5K1 b - - 0 20	a5a2 a5a3 a5a4 a5a6 a5b4 a5b5 a5b6 a5c3 a5c7 a7a6 a8b8 b7b5 b7b6 d7d5 d7d6 d7e6 d8c7 d8e7 d8e8 f8d6 f8e7 g7g6 h6f5 h6f7 h6g4 h6g8 h8g8	a5b6	r1bk1b1r/pp1p2pp/1q2P2n/2p3N1/2B5/2N5/PP1BQ2P/R5K1 w - - 1 21
r1bk1b1r/pp1p2pp/1q2P2n/2p3N1/2B5/2N5/PP1BQ2P/R5K1 w - - 1 21	a1b1 a1c1 a1d1 a1e1 a1f1 a2a3 a2a4 b2b3 b2b4 c3a4 c3b1 c3b5 c3d1 c3d5 c3e4 c4a6 c4b3 c4b5 c4d3 c4d5 d2c1 d2e1 d2e3 d2f4 e2d1 e2d3 e2e1 e2e3 e2e4 e2e5 e2f1 e2f2 e2f3 e2g2 e2g4 e2h5 e6d7 e6e7 g1f1 g1f2 g1g2 g1h1 g5e4 g5f3 g5f7 g5h3 g5h7 h2h3 h2h4	c3d5	r1bk1b1r/pp1p2pp/1q2P2n/2pN2N1/2B5/8/PP1BQ2P/R5K1 b - - 2 21
r1bk1b1r/pp1p2pp/1q2P2n/2pN2N1/2B5/8/PP1BQ2P/R5K1 b - - 2 21	a7a5 a7a6 a8b8 b6a5 b6a6 b6b2 b6b3 b6b4 b6b5 b6c6 b6c7 b6d6 b6e6 d7d6 d7e6 d8e8 f8d6 f8e7 g7g6 h6f5 h6f7 h6g4 h6g8 h8g8	b6d6	r1bk1b1r/pp1p2pp/3qP2n/2pN2N1/2B5/8/PP1BQ2P/R5K1 w - - 3 22
r1bk1b1r/pp1p2pp/3qP2n/2pN2N1/2B5/8/PP1BQ2P/R5K1 w - - 3 22	a1b1 a1c1 a1d1 a1e1 a1f1 a2a3 a2a4 b2b3 b2b4 c4a6 c4b3 c4b5 c4d3 d2a5 d2b4 d2c1 d2c3 d2e1 d2e3 d2f4 d5b4 d5b6 d5c3 d5c7 d5e3 d5e7 d5f4 d5f6 e2d1 e2d3 e2e1 e2e3 e2e4 e2e5 e2f1 e2f2 e2f3 e2g2 e2g4 e2h5 e6d7 e6e7 g1f1 g1f2 g1g2 g1h1 g5e4 g5f3 g5f7 g5h3 g5h7 h2h3 h2h4	d2f4	r1bk1b1r/pp1p2pp/3qP2n/2pN2N1/2B2B2/8/PP2Q2P/R5K1 b - - 4 22
r1bk1b1r/pp1p2pp/3qP2n/2pN2N1/2B2B2/8/PP2Q2P/R5K1 b - - 4 22	a7a5 a7a6 a8b8 b7b5 b7b6 d6a6 d6b6 d6b8 d6c6 d6c7 d6d5 d6e5 d6e6 d6e7 d6f4 d7e6 d8e8 f8e7 g7g6 h6f5 h6f7 h6g4 h6g8 h8g8	d7e6	r1bk1b1r/pp4pp/3qp2n/2pN2N1/2B2B2/8/PP2Q2P/R5K1 w - - 0 23
r1bk1b1r/pp4pp/3qp2n/2pN2N1/2B2B2/8/PP2Q2P/R5K1 w - - 0 23	a1b1 a1c1 a1d1 a1e1 a1f1 a2a3 a2a4 b2b3 b2b4 c4a6 c4b3 c4b5 c4d3 d5b4 d5b6 d5c3 d5c7 d5e3 d5e7 d5f6 e2c2 e2d1 e2d2 e2d3 e2e1 e2e3 e2e4 e2e5 e2e6 e2f1 e2f2 e2f3 e2g2 e2g4 e2h5 f4c1 f4d2 f4d6 f4e3 f4e5 f4g3 g1f1 g1f2 g1g2 g1h1 g5e4 g5e6 g5f3 g5f7 g5h3 g5h7 h2h3 h2h4	f4d6	r1bk1b1r/pp4pp/3Bp2n/2pN2N1/2B5/8/PP2Q2P/R5K1 b - - 0 23
r1bk1b1r/pp4pp/3Bp2n/2pN2N1/2B5/8/PP2Q2P/R5K1 b - - 0 23	a7a5 a7a6 a8b8 b7b5 b7b6 c8d7 d8d7 d8e8 e6d5 e6e5 f8d6 f8e7 g7g6 h6f5 h6f7 h6g4 h6g8 h8g8	e6d5	r1bk1b1r/pp4pp/3B3n/2pp2N1/2B5/8/PP2Q2P/R5K1 w - - 0 24
r1bk1b1r/pp4pp/3B3n/2pp2N1/2B5/8/PP2Q2P/R5K1 w - - 0 24	a1b1 a1c1 a1d1 a1e1 a1f1 a2a3 a2a4 b2b3 b2b4 c4a6 c4b3 c4b5 c4d3 c4d5 d6b8 d6c5 d6c7 d6e5 d6e7 d6f4 d6f8 d6g3 e2c2 e2d1 e2d2 e2d3 e2e1 e2e3 e2e4 e2e5 e2e6 e2e7 e2e8 e2f1 e2f2 e2f3 e2g2 e2g4 e2h5 g1f1 g1f2 g1g2 g1h1 g5e4 g5e6 g5f3 g5f7 g5h3 g5h7 h2h3 h2h4	e2e5	r1bk1b1r/pp4pp/3B3n/2ppQ1N1/2B5/8/PP5P/R5K1 b - - 1 24
r1bk1b1r/pp4pp/3B3n/2ppQ1N1/2B5/8/PP5P/R5K1 b - - 1 24	a7a5 a7a6 a8b8 b7b5 b7b6 c8d7 c8e6 c8f5 c8g4 c8h3 d5c4 d5d4 d8d7 f8d6 f8e7 g7g6 h6f5 h6f7 h6g4 h6g8 h8g8	c8d7	r2k1b1r/pp1b2pp/3B3n/2ppQ1N1/2B5/8/PP5P/R5K1 w - - 2 25
r2k1b1r/pp1b2pp/3B3n/2ppQ1N1/2B5/8/PP5P/R5K1 w - - 2 25	a1b1 a1c1 a1d1 a1e1 a1f1 a2a3 a2a4 b2b3 b2b4 c4a6 c4b3 c4b5 c4d3 c4d5 c4e2 c4f1 d6b8 d6c5 d6c7 d6e7 d6f8 e5c3 e5d4 e5d5 e5e1 e5e2 e5e3 e5e4 e5e6 e5e7 e5e8 e5f4 e5f5 e5f6 e5g3 e5g7 g1f1 g1f2 g1g2 g1h1 g5e4 g5e6 g5f3 g5f7 g5h3 g5h7 h2h3 h2h4	g5e6	r2k1b1r/pp1b2pp/3BN2n/2ppQ3/2B5/8/PP5P/R5K1 b - - 3 25
r2k1b1r/pp1b2pp/3BN2n/2ppQ3/2B5/8/PP5P/R5K1 b - - 3 25	d7e6 d8c8 d8e8	d7e6	r2k1b1r/pp4pp/3Bb2n/2ppQ3/2B5/8/PP5P/R5K1 w - - 0 26
r2k1b1r/pp4pp/3Bb2n/2ppQ3/2B5/8/PP5P/R5K1 w - - 0 26	a1b1 a1c1 a1d1 a1e1 a1f1 a2a3 a2a4 b2b3 b2b4 c4a6 c4b3 c4b5 c4d3 c4d5 c4e2 c4f1 d6b8 d6c5 d6c7 d6e7 d6f8 e5c3 e5d4 e5d5 e5e1 e5e2 e5e3 e5e4 e5e6 e5f4 e5f5 e5f6 e5g3 e5g5 e5g7 e5h5 g1f1 g1f2 g1g2 g1h1 h2h3 h2h4	e5e6	r2k1b1r/pp4pp/3BQ2n/2pp4/2B5/8/PP5P/R5K1 b - - 0 26
r2k1b1r/pp4pp/3BQ2n/2pp4/2B5/8/PP5P/R5K1 b - - 0 26	a7a5 a7a6 a8b8 a8c8 b7b5 b7b6 d5c4 d5d4 f8d6 f8e7 g7g5 g7g6 h6f5 h6f7 h6g4 h6g8 h8g8	d5d4	r2k1b1r/pp4pp/3BQ2n/2p5/2Bp4/8/PP5P/R5K1 w - - 0 27
r2k1b1r/pp4pp/3BQ2n/2p5/2Bp4/8/PP5P/R5K1 w - - 0 27	a1b1 a1c1 a1d1 a1e1 a1f1 a2a3 a2a4 b2b3 b2b4 c4a6 c4b3 c4b5 c4d3 c4d5 c4e2 c4f1 d6b8 d6c5 d6c7 d6e5 d6e7 d6f4 d6f8 d6g3 e6c8 e6d5 e6d7 e6e1 e6e2 e6e3 e6e4 e6e5 e6e7 e6e8 e6f5 e6f6 e6f7 e6g4 e6g6 e6g8 e6h3 e6h6 g1f1 g1f2 g1g2 g1h1 h2h3 h2h4	c4b5	r2k1b1r/pp4pp/3BQ2n/1Bp5/3p4/8/PP5P/R5K1 b - - 1 27
r2k1b1r/pp4pp/3BQ2n/1Bp5/3p4/8/PP5P/R5K1 b - - 1 27	a7a5 a7a6 a8b8 a8c8 b7b6 c5c4 d4d3 f8d6 f8e7 g7g5 g7g6 h6f5 h6f7 h6g4 h6g8 h8g8	f8d6	r2k3r/pp4pp/3bQ2n/1Bp5/3p4/8/PP5P/R5K1 w - - 0 28
r2k3r/pp4pp/3bQ2n/1Bp5/3p4/8/PP5P/R5K1 w - - 0 28	a1b1 a1c1 a1d1 a1e1 a1f1 a2a3 a2a4 b2b3 b2b4 b5a4 b5a6 b5c4 b5c6 b5d3 b5d7 b5e2 b5e8 b5f1 e6b3 e6c4 e6c8 e6d5 e6d6 e6d7 e6e1 e6e2 e6e3 e6e4 e6e5 e6e7 e6e8 e6f5 e6f6 e6f7 e6g4 e6g6 e6g8 e6h3 e6h6 g1f1 g1f2 g1g2 g1h1 h2h3 h2h4	e6d7	r2k3r/pp1Q2pp/3b3n/1Bp5/3p4/8/PP5P/R5K1 b - - 1 28
r2k3r/pp1Q2pp/3b3n/1Bp5/3p4/8/PP5P/R5K1 b - - 1 28		-	-
rnbqkbnr/pppppppp/8/8/8/8/PPPPPPPP/RNBQKBNR w KQkq - 0 1	a2a3 a2a4 b1a3 b1c3 b2b3 b2b4 c2c3 c2c4 d2d3 d2d4 e2e3 e2e4 f2f3 f2f4 g1f3 g1h3 g2g3 g2g4 h2h3 h2h4	d2d4	rnbqkbnr/pppppppp/8/8/3P4/8/PPP1PPPP/RNBQKBNR b KQkq d3 0 1
rnbqkbnr/pppppppp/8/8/3P4/8/PPP1PPPP/RNBQKBNR b KQkq d3 0 1	a7a5 a7a6 b7b5 b7b6 b8a6 b8c6 c7c5 c7c6 d7d5 d7d6 e7e5 e7e6 f7f5 f7f6 g7g5 g7g6 g8f6 g8h6 h7h5 h7h6	b8a6	r1bqkbnr/pppppppp/n7/8/3P4/8/PPP1PPPP/RNBQKBNR w KQkq - 1 2
r1bqkbnr/pppppppp/n7/8/3P4/8/PPP1PPPP/RNBQKBNR w KQkq - 1 2	a2a3 a2a4 b1a3 b1c3 b1d2 b2b3 b2b4 c1d2 c1e3 c1f4 c1g5 c1h6 c2c3 c2c4 d1d2 d1d3 d4d5 e1d2 e2e3 e2e4 f2f3 f2f4 g1f3 g1h3 g2g3 g2g4 h2h3 h2h4	e2e4	r1bqkbnr/pppppppp/n7/8/3PP3/8/PPP2PPP/RNBQKBNR b KQkq e3 0 2
r1bqkbnr/pppppppp/n7/8/3PP3/8/PPP2PPP/RNBQKBNR b KQkq e3 0 2	a6b4 a6b8 a6c5 a8b8 b7b5 b7b6 c7c5 c7c6 d7d5 d7d6 e7e5 e7e6 f7f5 f7f6 g7g5 g7g6 g8f6 g8h6 h7h5 h7h6	a6b8	rnbqkbnr/pppppppp/8/8/3PP3/8/PPP2PPP/RNBQKBNR w KQkq - 1 3
rnbqkbnr/pppppppp/8/8/3PP3/8/PPP2PPP/RNBQKBNR w KQkq - 1 3	a2a3 a2a4 b1a3 b1c3 b1d2 b2b3 b2b4 c1d2 c1e3 c1f4 c1g5 c1h6 c2c3 c2c4 d1d2 d1d3 d1e2 d1f3 d1g4 d1h5 d4d5 e1d2 e1e2 e4e5 f1a6 f1b5 f1c4 f1d3 f1e2 f2f3 f2f4 g1e2 g1f3 g1h3 g2g3 g2g4 h2h3 h2h4	f1d3	rnbqkbnr/pppppppp/8/8/3PP3/3B4/PPP2PPP/RNBQK1NR b KQkq - 2 3
rnbqkbnr/pppppppp/8/8/3PP3/3B4/PPP2PPP/RNBQK1NR b KQkq - 2 3	a7a5 a7a6 b7b5 b7b6 b8a6 b8c6 c7c5 c7c6 d7d5 d7d6 e7e5 e7e6 f7f5 f7f6 g7g5 g7g6 g8f6 g8h6 h7h5 h7h6	e7e6	rnbqkbnr/pppp1ppp/4p3/8/3PP3/3B4/PPP2PPP/RNBQK1NR w KQkq - 0 4
rnbqkbnr/pppp1ppp/4p3/8/3PP3/3B4/PPP2PPP/RNBQK1NR w KQkq - 0 4	a2a3 a2a4 b1a3 b1c3 b1d2 b2b3 b2b4 c1d2 c1e3 c1f4 c1g5 c1h6 c2c3 c2c4 d1d2 d1e2 d1f3 d1g4 d1h5 d3a6 d3b5 d3c4 d3e2 d3f1 d4d5 e1d2 e1e2 e1f1 e4e5 f2f3 f2f4 g1e2 g1f3 g1h3 g2g3 g2g4 h2h3 h2h4	d3b5	rnbqkbnr/pppp1ppp/4p3/1B6/3PP3/8/PPP2PPP/RNBQK1NR b KQkq - 1 4
rnbqkbnr/pppp1ppp/4p3/1B6/3PP3/8/PPP2PPP/RNBQK1NR b KQkq - 1 4	a7a5 a7a6 b7b6 b8a6 b8c6 c7c5 c7c6 d8e7 d8f6 d8g5 d8h4 e6e5 e8e7 f7f5 f7f6 f8a3 f8b4 f8c5 f8d6 f8e7 g7g5 g7g6 g8e7 g8f6 g8h6 h7h5 h7h6	g7g6	rnbqkbnr/pppp1p1p/4p1p1/1B6/3PP3/8/PPP2PPP/RNBQK1NR w KQkq - 0 5
rnbqkbnr/pppp1p1p/4p1p1/1B6/3PP3/8/PPP2PPP/RNBQK1NR w KQkq - 0 5	a2a3 a2a4 b1a3 b1c3 b1d2 b2b3 b2b4 b5a4 b5a6 b5c4 b5c6 b5d3 b5d7 b5e2 b5f1 c1d2 c1e3 c1f4 c1g5 c1h6 c2c3 c2c4 d1d2 d1d3 d1e2 d1f3 d1g4 d1h5 d4d5 e1d2 e1e2 e1f1 e4e5 f2f3 f2f4 g1e2 g1f3 g1h3 g2g3 g2g4 h2h3 h2h4	b5c6	rnbqkbnr/pppp1p1p/2B1p1p1/8/3PP3/8/PPP2PPP/RNBQK1NR b KQkq - 1 5
rnbqkbnr/pppp1p1p/2B1p1p1/8/3PP3/8/PPP2PPP/RNBQK1NR b KQkq - 1 5	a7a5 a7a6 b7b5 b7b6 b7c6 b8a6 b8c6 d7c6 d8e7 d8f6 d8g5 d8h4 e6e5 e8e7 f7f5 f7f6 f8a3 f8b4 f8c5 f8d6 f8e7 f8g7 f8h6 g6g5 g8e7 g8f6 g8h6 h7h5 h7h6	d8h4	rnb1kbnr/pppp1p1p/2B1p1p1/8/3PP2q/8/PPP2PPP/RNBQK1NR w KQkq - 2 6
rnb1kbnr/pppp1p1p/2B1p1p1/8/3PP2q/8/PPP2PPP/RNBQK1NR w KQkq - 2 6	a2a3 a2a4 b1a3 b1c3 b1d2 b2b3 b2b4 c1d2 c1e3 c1f4 c1g5 c1h6 c2c3 c2c4 c6a4 c6b5 c6b7 c6d5 c6d7 d1d2 d1d3 d1e2 d1f3 d1g4 d1h5 d4d5 e1d2 e1e2 e1f1 e4e5 g1e2 g1f3 g1h3 g2g3 g2g4 h2h3	c1d2	rnb1kbnr/pppp1p1p/2B1p1p1/8/3PP2q/8/PPPB1PPP/RN1QK1NR b KQkq - 3 6
rnb1kbnr/pppp1p1p/2B1p1p1/8/3PP2q/8/PPPB1PPP/RN1QK1NR b KQkq - 3 6	a7a5 a7a6 b7b5 b7b6 b7c6 b8a6 b8c6 d7c6 e6e5 e8d8 e8e7 f7f5 f7f6 f8a3 f8b4 f8c5 f8d6 f8e7 f8g7 f8h6 g6g5 g8e7 g8f6 g8h6 h4d8 h4e4 h4e7 h4f2 h4f4 h4f6 h4g3 h4g4 h4g5 h4h2 h4h3 h4h5 h4h6 h7h5 h7h6	h4h5	rnb1kbnr/pppp1p1p/2B1p1p1/7q/3PP3/8/PPPB1PPP/RN1QK1NR w KQkq - 4 7
rnb1kbnr/pppp1p1p/2B1p1p1/7q/3PP3/8/PPPB1PPP/RN1QK1NR w KQkq - 4 7	a2a3 a2a4 b1a3 b1c3 b2b3 b2b4 c2c3 c2c4 c6a4 c6b5 c6b7 c6d5 c6d7 d1c1 d1e2 d1f3 d1g4 d1h5 d2a5 d2b4 d2c1 d2c3 d2e3 d2f4 d2g5 d2h6 d4d5 e1f1 e4e5 f2f3 f2f4 g1e2 g1f3 g1h3 g2g3 g2g4 h2h3 h2h4	h2h4	rnb1kbnr/pppp1p1p/2B1p1p1/7q/3PP2P/8/PPPB1PP1/RN1QK1NR b KQkq h3 0 7
rnb1kbnr/pppp1p1p/2B1p1p1/7q/3PP2P/8/PPPB1PP1/RN1QK1NR b KQkq h3 0 7	a7a5 a7a6 b7b5 b7b6 b7c6 b8a6 b8c6 d7c6 e6e5 e8d8 e8e7 f7f5 f7f6 f8a3 f8b4 f8c5 f8d6 f8e7 f8g7 f8h6 g6g5 g8e7 g8f6 g8h6 h5a5 h5b5 h5c5 h5d1 h5d5 h5e2 h5e5 h5f3 h5f5 h5g4 h5g5 h5h4 h5h6 h7h6	g8h6	rnb1kb1r/pppp1p1p/2B1p1pn/7q/3PP2P/8/PPPB1PP1/RN1QK1NR w KQkq - 1 8
rnb1kb1r/pppp1p1p/2B1p1pn/7q/3PP2P/8/PPPB1PP1/RN1QK1NR w KQkq - 1 8	a2a3 a2a4 b1a3 b1c3 b2b3 b2b4 c2c3 c2c4 c6a4 c6b5 c6b7 c6d5 c6d7 d1c1 d1e2 d1f3 d1g4 d1h5 d2a5 d2b4 d2c1 d2c3 d2e3 d2f4 d2g5 d2h6 d4d5 e1f1 e4e5 f2f3 f2f4 g1e2 g1f3 g1h3 g2g3 g2g4 h1h2 h1h3	c2c4	rnb1kb1r/pppp1p1p/2B1p1pn/7q/2PPP2P/8/PP1B1PP1/RN1QK1NR b KQkq c3 0 8
rnb1kb1r/pppp1p1p/2B1p1pn/7q/2PPP2P/8/PP1B1PP1/RN1QK1NR b KQkq c3 0 8	a7a5 a7a6 b7b5 b7b6 b7c6 b8a6 b8c6 d7c6 e6e5 e8d8 e8e7 f7f5 f7f6 f8a3 f8b4 f8c5 f8d6 f8e7 f8g7 g6g5 h5a5 h5b5 h5c5 h5d1 h5d5 h5e2 h5e5 h5f3 h5f5 h5g4 h5g5 h5h4 h6f5 h6g4 h6g8 h8g8	b8c6	r1b1kb1r/pppp1p1p/2n1p1pn/7q/2PPP2P/8/PP1B1PP1/RN1QK1NR w KQkq - 0 9
r1b1kb1r/pppp1p1p/2n1p1pn/7q/2PPP2P/8/PP1B1PP1/RN1QK1NR w KQkq - 0 9	a2a3 a2a4 b1a3 b1c3 b2b3 b2b4 c4c5 d1a4 d1b3 d1c1 d1c2 d1e2 d1f3 d1g4 d1h5 d2a5 d2b4 d2c1 d2c3 d2e3 d2f4 d2g5 d2h6 d4d5 e1f1 e4e5 f2f3 f2f4 g1e2 g1f3 g1h3 g2g3 g2g4 h1h2 h1h3	d1g4	r1b1kb1r/pppp1p1p/2n1p1pn/7q/2PPP1QP/8/PP1B1PP1/RN2K1NR b KQkq - 1 9
r1b1kb1r/pppp1p1p/2n1p1pn/7q/2PPP1QP/8/PP1B1PP1/RN2K1NR b KQkq - 1 9	a7a5 a7a6 a8b8 b7b5 b7b6 c6a5 c6b4 c6b8 c6d4 c6d8 c6e5 c6e7 d7d5 d7d6 e6e5 e8d8 e8e7 f7f5 f7f6 f8a3 f8b4 f8c5 f8d6 f8e7 f8g7 g6g5 h5a5 h5b5 h5c5 h5d5 h5e5 h5f5 h5g4 h5g5 h5h4 h6f5 h6g4 h6g8 h8g8	d7d5	r1b1kb1r/ppp2p1p/2n1p1pn/3p3q/2PPP1QP/8/PP1B1PP1/RN2K1NR w KQkq d6 0 10
r1b1kb1r/ppp2p1p/2n1p1pn/3p3q/2PPP1QP/8/PP1B1PP1/RN2K1NR w KQkq d6 0 10	a2a3 a2a4 b1a3 b1c3 b2b3 b2b4 c4c5 c4d5 d2a5 d2b4 d2c1 d2c3 d2e3 d2f4 d2g5 d2h6 e1d1 e1e2 e1f1 e4d5 e4e5 f2f3 f2f4 g1e2 g1f3 g1h3 g2g3 g4d1 g4e2 g4e6 g4f3 g4f4 g4f5 g4g3 g4g5 g4g6 g4h3 g4h5 h1h2 h1h3	b1a3	r1b1kb1r/ppp2p1p/2n1p1pn/3p3q/2PPP1QP/N7/PP1B1PP1/R3K1NR b KQkq - 1 10
r1b1kb1r/ppp2p1p/2n1p1pn/3p3q/2PPP1QP/N7/PP1B1PP1/R3K1NR b KQkq - 1 10	a7a5 a7a6 a8b8 b7b5 b7b6 c6a5 c6b4 c6b8 c6d4 c6d8 c6e5 c6e7 c8d7 d5c4 d5e4 e6e5 e8d7 e8d8 e8e7 f7f5 f7f6 f8a3 f8b4 f8c5 f8d6 f8e7 f8g7 g6g5 h5e5 h5f5 h5g4 h5g5 h5h4 h6f5 h6g4 h6g8 h8g8	f8a3	r1b1k2r/ppp2p1p/2n1p1pn/3p3q/2PPP1QP/b7/PP1B1PP1/R3K1NR w KQkq - 0 11
r1b1k2r/ppp2p1p/2n1p1pn/3p3q/2PPP1QP/b7/PP1B1PP1/R3K1NR w KQkq - 0 11	a1b1 a1c1 a1d1 b2a3 b2b3 b2b4 c4c5 c4d5 d2a5 d2b4 d2c1 d2c3 d2e3 d2f4 d2g5 d2h6 e1c1 e1d1 e1e2 e1f1 e4d5 e4e5 f2f3 f2f4 g1e2 g1f3 g1h3 g2g3 g4d1 g4e2 g4e6 g4f3 g4f4 g4f5 g4g3 g4g5 g4g6 g4h3 g4h5 h1h2 h1h3	d2c3	r1b1k2r/ppp2p1p/2n1p1pn/3p3q/2PPP1QP/b1B5/PP3PP1/R3K1NR b KQkq - 1 11
r1b1k2r/ppp2p1p/2n1p1pn/3p3q/2PPP1QP/b1B5/PP3PP1/R3K1NR b KQkq - 1 11	a3b2 a3b4 a3c5 a3d6 a3e7 a3f8 a7a5 a7a6 a8b8 b7b5 b7b6 c6a5 c6b4 c6b8 c6d4 c6d8 c6e5 c6e7 c8d7 d5c4 d5e4 e6e5 e8d7 e8d8 e8e7 e8f8 e8g8 f7f5 f7f6 g6g5 h5e5 h5f5 h5g4 h5g5 h5h4 h6f5 h6g4 h6g8 h8f8 h8g8	h8f8	r1b1kr2/ppp2p1p/2n1p1pn/3p3q/2PPP1QP/b1B5/PP3PP1/R3K1NR w KQq - 2 12
r1b1kr2/ppp2p1p/2n1p1pn/3p3q/2PPP1QP/b1B5/PP3PP1/R3K1NR w KQq - 2 12	a1b1 a1c1 a1d1 b2a3 b2b3 b2b4 c3a5 c3b4 c3d2 c4c5 c4d5 e1c1 e1d1 e1d2 e1e2 e1f1 e4d5 e4e5 f2f3 f2f4 g1e2 g1f3 g1h3 g2g3 g4d1 g4e2 g4e6 g4f3 g4f4 g4f5 g4g3 g4g5 g4g6 g4h3 g4h5 h1h2 h1h3	f2f3	r1b1kr2/ppp2p1p/2n1p1pn/3p3q/2PPP1QP/b1B2P2/PP4P1/R3K1NR b KQq - 0 12
r1b1kr2/ppp2p1p/2n1p1pn/3p3q/2PPP1QP/b1B2P2/PP4P1/R3K1NR b KQq - 0 12	a3b2 a3b4 a3c5 a3d6 a3e7 a7a5 a7a6 a8b8 b7b5 b7b6 c6a5 c6b4 c6b8 c6d4 c6d8 c6e5 c6e7 c8d7 d5c4 d5e4 e6e5 e8d7 e8d8 e8e7 f7f5 f7f6 f8g8 f8h8 g6g5 h5e5 h5f5 h5g4 h5g5 h5h4 h6f5 h6g4 h6g8	c6e5	r1b1kr2/ppp2p1p/4p1pn/3pn2q/2PPP1QP/b1B2P2/PP4P1/R3K1NR w KQq - 1 13
r1b1kr2/ppp2p1p/4p1pn/3pn2q/2PPP1QP/b1B2P2/PP4P1/R3K1NR w KQq - 1 13	a1b1 a1c1 a1d1 b2a3 b2b3 b2b4 c3a5 c3b4 c3d2 c4c5 c4d5 d4e5 e1c1 e1d1 e1d2 e1e2 e1f1 e1f2 e4d5 f3f4 g1e2 g1h3 g2g3 g4e6 g4f4 g4f5 g4g3 g4g5 g4g6 g4h3 g4h5 h1h2 h1h3	h1h2	r1b1kr2/ppp2p1p/4p1pn/3pn2q/2PPP1QP/b1B2P2/PP4PR/R3K1N1 b Qq - 2 13
r1b1kr2/ppp2p1p/4p1pn/3pn2q/2PPP1QP/b1B2P2/PP4PR/R3K1N1 b Qq - 2 13	a3b2 a3b4 a3c5 a3d6 a3e7 a7a5 a7a6 a8b8 b7b5 b7b6 c7c5 c7c6 c8d7 d5c4 d5e4 e5c4 e5c6 e5d3 e5d7 e5f3 e5g4 e8d7 e8d8 e8e7 f7f5 f7f6 f8g8 f8h8 g6g5 h5f5 h5g4 h5g5 h5h4 h6f5 h6g4 h6g8	e5d3	r1b1kr2/ppp2p1p/4p1pn/3p3q/2PPP1QP/b1Bn1P2/PP4PR/R3K1N1 w Qq - 3 14
r1b1kr2/ppp2p1p/4p1pn/3p3q/2PPP1QP/b1Bn1P2/PP4PR/R3K1N1 w Qq - 3 14	e1d1 e1d2 e1e2 e1f1	e1d2	r1b1kr2/ppp2p1p/4p1pn/3p3q/2PPP1QP/b1Bn1P2/PP1K2PR/R5N1 b q - 4 14
r1b1kr2/ppp2p1p/4p1pn/3p3q/2PPP1QP/b1Bn1P2/PP1K2PR/R5N1 b q - 4 14	a3b2 a3b4 a3c5 a3d6 a3e7 a7a5 a7a6 a8b8 b7b5 b7b6 c7c5 c7c6 c8d7 d3b2 d3b4 d3c1 d3c5 d3e1 d3e5 d3f2 d3f4 d5c4 d5e4 e6e5 e8d7 e8d8 e8e7 f7f5 f7f6 f8g8 f8h8 g6g5 h5e5 h5f5 h5g4 h5g5 h5h4 h6f5 h6g4 h6g8	h5g4	r1b1kr2/ppp2p1p/4p1pn/3p4/2PPP1qP/b1Bn1P2/PP1K2PR/R5N1 w q - 0 15
r1b1kr2/ppp2p1p/4p1pn/3p4/2PPP1qP/b1Bn1P2/PP1K2PR/R5N1 w q - 0 15	a1b1 a1c1 a1d1 a1e1 a1f1 b2a3 b2b3 b2b4 c3a5 c3b4 c4c5 c4d5 d2c2 d2d1 d2d3 d2e2 d2e3 e4d5 e4e5 f3f4 f3g4 g1e2 g1h3 g2g3 h2h1 h2h3 h4h5	d2e2	r1b1kr2/ppp2p1p/4p1pn/3p4/2PPP1qP/b1Bn1P2/PP2K1PR/R5N1 b q - 1 15
r1b1kr2/ppp2p1p/4p1pn/3p4/2PPP1qP/b1Bn1P2/PP2K1PR/R5N1 b q - 1 15	a3b2 a3b4 a3c5 a3d6 a3e7 a7a5 a7a6 a8b8 b7b5 b7b6 c7c5 c7c6 c8d7 d3b2 d3b4 d3c1 d3c5 d3e1 d3e5 d3f2 d3f4 d5c4 d5e4 e6e5 e8d7 e8d8 e8e7 f7f5 f7f6 f8g8 f8h8 g4e4 g4f3 g4f4 g4f5 g4g2 g4g3 g4g5 g4h3 g4h4 g4h5 g6g5 h6f5 h6g8	g4f3	r1b1kr2/ppp2p1p/4p1pn/3p4/2PPP2P/b1Bn1q2/PP2K1PR/R5N1 w q - 0 16
r1b1kr2/ppp2p1p/4p1pn/3p4/2PPP2P/b1Bn1q2/PP2K1PR/R5N1 w q - 0 16	e2d2 e2f3 g1f3 g2f3	e2d2	r1b1kr2/ppp2p1p/4p1pn/3p4/2PPP2P/b1Bn1q2/PP1K2PR/R5N1 b q - 1 16
r1b1kr2/ppp2p1p/4p1pn/3p4/2PPP2P/b1Bn1q2/PP1K2PR/R5N1 b q - 1 16	a3b2 a3b4 a3c5 a3d6 a3e7 a7a5 a7a6 a8b8 b7b5 b7b6 c7c5 c7c6 c8d7 d3b2 d3b4 d3c1 d3c5 d3e1 d3e5 d3f2 d3f4 d5c4 d5e4 e6e5 e8d7 e8d8 e8e7 f3d1 f3e2 f3e3 f3e4 f3f1 f3f2 f3f4 f3f5 f3f6 f3g2 f3g3 f3g4 f3h3 f3h5 f7f5 f7f6 f8g8 f8h8 g6g5 h6f5 h6g4 h6g8	f3f6	r1b1kr2/ppp2p1p/4pqpn/3p4/2PPP2P/b1Bn4/PP1K2PR/R5N1 w q - 2 17
r1b1kr2/ppp2p1p/4pqpn/3p4/2PPP2P/b1Bn4/PP1K2PR/R5N1 w q - 2 17	a1b1 a1c1 a1d1 a1e1 a1f1 b2a3 b2b3 b2b4 c3a5 c3b4 c4c5 c4d5 d2c2 d2d1 d2d3 d2e2 d2e3 e4d5 e4e5 g1e2 g1f3 g1h3 g2g3 g2g4 h2h1 h2h3 h4h5	b2a3	r1b1kr2/ppp2p1p/4pqpn/3p4/2PPP2P/P1Bn4/P2K2PR/R5N1 b q - 0 17
r1b1kr2/ppp2p1p/4pqpn/3p4/2PPP2P/P1Bn4/P2K2PR/R5N1 b q - 0 17	a7a5 a7a6 a8b8 b7b5 b7b6 c7c5 c7c6 c8d7 d3b2 d3b4 d3c1 d3c5 d3e1 d3e5 d3f2 d3f4 d5c4 d5e4 e6e5 e8d7 e8d8 e8e7 f6d4 f6d8 f6e5 f6e7 f6f1 f6f2 f6f3 f6f4 f6f5 f6g5 f6g7 f6h4 f6h8 f8g8 f8h8 g6g5 h6f5 h6g4 h6g8	d3e1	r1b1kr2/ppp2p1p/4pqpn/3p4/2PPP2P/P1B5/P2K2PR/R3n1N1 w q - 1 18
r1b1kr2/ppp2p1p/4pqpn/3p4/2PPP2P/P1B5/P2K2PR/R3n1N1 w q - 1 18	a1b1 a1c1 a1d1 a1e1 a3a4 c3a5 c3b2 c3b4 c4c5 c4d5 d2c1 d2d1 d2e1 d2e2 d2e3 e4d5 e4e5 g1e2 g1f3 g1h3 g2g3 g2g4 h2h1 h2h3 h4h5	a3a4	r1b1kr2/ppp2p1p/4pqpn/3p4/P1PPP2P/2B5/P2K2PR/R3n1N1 b q - 0 18
r1b1kr2/ppp2p1p/4pqpn/3p4/P1PPP2P/2B5/P2K2PR/R3n1N1 b q - 0 18	a7a5 a7a6 a8b8 b7b5 b7b6 c7c5 c7c6 c8d7 d5c4 d5e4 e1c2 e1d3 e1f3 e1g2 e6e5 e8d7 e8d8 e8e7 f6d4 f6d8 f6e5 f6e7 f6f1 f6f2 f6f3 f6f4 f6f5 f6g5 f6g7 f6h4 f6h8 f8g8 f8h8 g6g5 h6f5 h6g4 h6g8	e8d7	r1b2r2/pppk1p1p/4pqpn/3p4/P1PPP2P/2B5/P2K2PR/R3n1N1 w - - 1 19
r1b2r2/pppk1p1p/4pqpn/3p4/P1PPP2P/2B5/P2K2PR/R3n1N1 w - - 1 19	a1b1 a1c1 a1d1 a1e1 a2a3 a4a5 c3a5 c3b2 c3b4 c4c5 c4d5 d2c1 d2d1 d2e1 d2e2 d2e3 e4d5 e4e5 g1e2 g1f3 g1h3 g2g3 g2g4 h2h1 h2h3 h4h5	g1h3	r1b2r2/pppk1p1p/4pqpn/3p4/P1PPP2P/2B4N/P2K2PR/R3n3 b - - 2 19
r1b2r2/pppk1p1p/4pqpn/3p4/P1PPP2P/2B4N/P2K2PR/R3n3 b - - 2 19	a7a5 a7a6 a8b8 b7b5 b7b6 c7c5 c7c6 d5c4 d5e4 d7c6 d7d6 d7d8 d7e7 d7e8 e1c2 e1d3 e1f3 e1g2 e6e5 f6d4 f6d8 f6e5 f6e7 f6f1 f6f2 f6f3 f6f4 f6f5 f6g5 f6g7 f6h4 f6h8 f8d8 f8e8 f8g8 f8h8 g6g5 h6f5 h6g4 h6g8	h6g4	r1b2r2/pppk1p1p/4pqp1/3p4/P1PPP1nP/2B4N/P2K2PR/R3n3 w - - 3 20
r1b2r2/pppk1p1p/4pqp1/3p4/P1PPP1nP/2B4N/P2K2PR/R3n3 w - - 3 20	a1b1 a1c1 a1d1 a1e1 a2a3 a4a5 c3a5 c3b2 c3b4 c4c5 c4d5 d2c1 d2d1 d2e1 d2e2 e4d5 e4e5 g2g3 h2h1 h3f2 h3f4 h3g1 h3g5 h4h5	a4a5	r1b2r2/pppk1p1p/4pqp1/P2p4/2PPP1nP/2B4N/P2K2PR/R3n3 b - - 0 20
r1b2r2/pppk1p1p/4pqp1/P2p4/2PPP1nP/2B4N/P2K2PR/R3n3 b - - 0 20	a7a6 a8b8 b7b5 b7b6 c7c5 c7c6 d5c4 d5e4 d7c6 d7d6 d7d8 d7e7 d7e8 e1c2 e1d3 e1f3 e1g2 e6e5 f6d4 f6d8 f6e5 f6e7 f6f1 f6f2 f6f3 f6f4 f6f5 f6g5 f6g7 f6h4 f6h8 f8d8 f8e8 f8g8 f8h8 g4e3 g4e5 g4f2 g4h2 g4h6 g6g5 h7h5 h7h6	d5e4	r1b2r2/pppk1p1p/4pqp1/P7/2PPp1nP/2B4N/P2K2PR/R3n3 w - - 0 21
r1b2r2/pppk1p1p/4pqp1/P7/2PPp1nP/2B4N/P2K2PR/R3n3 w - - 0 21	a1b1 a1c1 a1d1 a1e1 a2a3 a2a4 a5a6 c3b2 c3b4 c4c5 d2c1 d2d1 d2e1 d2e2 d4d5 g2g3 h2h1 h3f2 h3f4 h3g1 h3g5 h4h5	d2e1	r1b2r2/pppk1p1p/4pqp1/P7/2PPp1nP/2B4N/P5PR/R3K3 b - - 0 21
r1b2r2/pppk1p1p/4pqp1/P7/2PPp1nP/2B4N/P5PR/R3K3 b - - 0 21	a7a6 a8b8 b7b5 b7b6 c7c5 c7c6 d7c6 d7d6 d7d8 d7e7 d7e8 e4e3 e6e5 f6d4 f6d8 f6e5 f6e7 f6f1 f6f2 f6f3 f6f4 f6f5 f6g5 f6g7 f6h4 f6h8 f8d8 f8e8 f8g8 f8h8 g4e3 g4e5 g4f2 g4h2 g4h6 g6g5 h7h5 h7h6	f6e7	r1b2r2/pppkqp1p/4p1p1/P7/2PPp1nP/2B4N/P5PR/R3K3 w - - 1 22
r1b2r2/pppkqp1p/4p1p1/P7/2PPp1nP/2B4N/P5PR/R3K3 w - - 1 22	a1b1 a1c1 a1d1 a2a3 a2a4 a5a6 c3b2 c3b4 c3d2 c4c5 d4d5 e1d1 e1d2 e1e2 e1f1 g2g3 h2h1 h3f2 h3f4 h3g1 h3g5 h4h5	e1e2	r1b2r2/pppkqp1p/4p1p1/P7/2PPp1nP/2B4N/P3K1PR/R7 b - - 2 22
r1b2r2/pppkqp1p/4p1p1/P7/2PPp1nP/2B4N/P3K1PR/R7 b - - 2 22	a7a6 a8b8 b7b5 b7b6 c7c5 c7c6 d7c6 d7d6 d7d8 d7e8 e4e3 e6e5 e7a3 e7b4 e7c5 e7d6 e7d8 e7e8 e7f6 e7g5 e7h4 f7f5 f7f6 f8d8 f8e8 f8g8 f8h8 g4e3 g4e5 g4f2 g4f6 g4h2 g4h6 g6g5 h7h5 h7h6	e7d8	r1bq1r2/pppk1p1p/4p1p1/P7/2PPp1nP/2B4N/P3K1PR/R7 w - - 3 23
r1bq1r2/pppk1p1p/4p1p1/P7/2PPp1nP/2B4N/P3K1PR/R7 w - - 3 23	a1b1 a1c1 a1d1 a1e1 a1f1 a1g1 a1h1 a2a3 a2a4 a5a6 c3b2 c3b4 c3d2 c3e1 c4c5 d4d5 e2d1 e2d2 e2e1 e2f1 g2g3 h2h1 h3f2 h3f4 h3g1 h3g5 h4h5	a1c1	r1bq1r2/pppk1p1p/4p1p1/P7/2PPp1nP/2B4N/P3K1PR/2R5 b - - 4 23
r1bq1r2/pppk1p1p/4p1p1/P7/2PPp1nP/2B4N/P3K1PR/2R5 b - - 4 23	a7a6 a8b8 b7b5 b7b6 c7c5 c7c6 d7c6 d7d6 d7e7 d7e8 d8e7 d8e8 d8f6 d8g5 d8h4 e4e3 e6e5 f7f5 f7f6 f8e8 f8g8 f8h8 g4e3 g4e5 g4f2 g4f6 g4h2 g4h6 g6g5 h7h5 h7h6	h7h5	r1bq1r2/pppk1p2/4p1p1/P6p/2PPp1nP/2B4N/P3K1PR/2R5 w - h6 0 24
r1bq1r2/pppk1p2/4p1p1/P6p/2PPp1nP/2B4N/P3K1PR/2R5 w - h6 0 24	a2a3 a2a4 a5a6 c1a1 c1b1 c1c2 c1d1 c1e1 c1f1 c1g1 c1h1 c3a1 c3b2 c3b4 c3d2 c3e1 c4c5 d4d5 e2d1 e2d2 e2e1 e2f1 g2g3 h2h1 h3f2 h3f4 h3g1 h3g5	c1f1	r1bq1r2/pppk1p2/4p1p1/P6p/2PPp1nP/2B4N/P3K1PR/5R2 b - - 1 24
r1bq1r2/pppk1p2/4p1p1/P6p/2PPp1nP/2B4N/P3K1PR/5R2 b - - 1 24	a7a6 a8b8 b7b5 b7b6 c7c5 c7c6 d7c6 d7d6 d7e7 d7e8 d8e7 d8e8 d8f6 d8g5 d8h4 e4e3 e6e5 f7f5 f7f6 f8e8 f8g8 f8h8 g4e3 g4e5 g4f2 g4f6 g4h2 g4h6 g6g5	e6e5	r1bq1r2/pppk1p2/6p1/P3p2p/2PPp1nP/2B4N/P3K1PR/5R2 w - - 0 25
r1bq1r2/pppk1p2/6p1/P3p2p/2PPp1nP/2B4N/P3K1PR/5R2 w - - 0 25	a2a3 a2a4 a5a6 c3a1 c3b2 c3b4 c3d2 c3e1 c4c5 d4d5 d4e5 e2d1 e2d2 e2e1 f1a1 f1b1 f1c1 f1d1 f1e1 f1f2 f1f3 f1f4 f1f5 f1f6 f1f7 f1g1 f1h1 g2g3 h2h1 h3f2 h3f4 h3g1 h3g5	f1b1	r1bq1r2/pppk1p2/6p1/P3p2p/2PPp1nP/2B4N/P3K1PR/1R6 b - - 1 25
r1bq1r2/pppk1p2/6p1/P3p2p/2PPp1nP/2B4N/P3K1PR/1R6 b - - 1 25	a7a6 a8b8 b7b5 b7b6 c7c5 c7c6 d7c6 d7d6 d7e6 d7e7 d7e8 d8e7 d8e8 d8f6 d8g5 d8h4 e4e3 e5d4 f7f5 f7f6 f8e8 f8g8 f8h8 g4e3 g4f2 g4f6 g4h2 g4h6 g6g5	c7c6	r1bq1r2/pp1k1p2/2p3p1/P3p2p/2PPp1nP/2B4N/P3K1PR/1R6 w - - 0 26
r1bq1r2/pp1k1p2/2p3p1/P3p2p/2PPp1nP/2B4N/P3K1PR/1R6 w - - 0 26	a2a3 a2a4 a5a6 b1a1 b1b2 b1b3 b1b4 b1b5 b1b6 b1b7 b1c1 b1d1 b1e1 b1f1 b1g1 b1h1 c3a1 c3b2 c3b4 c3d2 c3e1 c4c5 d4d5 d4e5 e2d1 e2d2 e2e1 e2f1 g2g3 h2h1 h3f2 h3f4 h3g1 h3g5	c3a1	r1bq1r2/pp1k1p2/2p3p1/P3p2p/2PPp1nP/7N/P3K1PR/BR6 b - - 1 26
r1bq1r2/pp1k1p2/2p3p1/P3p2p/2PPp1nP/7N/P3K1PR/BR6 b - - 1 26	a7a6 a8b8 b7b5 b7b6 c6c5 d7c7 d7d6 d7e6 d7e7 d7e8 d8a5 d8b6 d8c7 d8e7 d8e8 d8f6 d8g5 d8h4 e4e3 e5d4 f7f5 f7f6 f8e8 f8g8 f8h8 g4e3 g4f2 g4f6 g4h2 g4h6 g6g5	a8b8	1rbq1r2/pp1k1p2/2p3p1/P3p2p/2PPp1nP/7N/P3K1PR/BR6 w - - 2 27
1rbq1r2/pp1k1p2/2p3p1/P3p2p/2PPp1nP/7N/P3K1PR/BR6 w - - 2 27	a1b2 a1c3 a2a3 a2a4 a5a6 b1b2 b1b3 b1b4 b1b5 b1b6 b1b7 b1c1 b1d1 b1e1 b1f1 b1g1 b1h1 c4c5 d4d5 d4e5 e2d1 e2d2 e2e1 e2f1 g2g3 h2h1 h3f2 h3f4 h3g1 h3g5	h3g1	1rbq1r2/pp1k1p2/2p3p1/P3p2p/2PPp1nP/8/P3K1PR/BR4N1 b - - 3 27
1rbq1r2/pp1k1p2/2p3p1/P3p2p/2PPp1nP/8/P3K1PR/BR4N1 b - - 3 27	a7a6 b7b5 b7b6 b8a8 c6c5 d7c7 d7d6 d7e6 d7e7 d7e8 d8a5 d8b6 d8c7 d8e7 d8e8 d8f6 d8g5 d8h4 e4e3 e5d4 f7f5 f7f6 f8e8 f8g8 f8h8 g4e3 g4f2 g4f6 g4h2 g4h6 g6g5	d8h4	1rb2r2/pp1k1p2/2p3p1/P3p2p/2PPp1nq/8/P3K1PR/BR4N1 w - - 0 28
1rb2r2/pp1k1p2/2p3p1/P3p2p/2PPp1nq/8/P3K1PR/BR4N1 w - - 0 28	a1b2 a1c3 a2a3 a2a4 a5a6 b1b2 b1b3 b1b4 b1b5 b1b6 b1b7 b1c1 b1d1 b1e1 b1f1 c4c5 d4d5 d4e5 e2d1 e2d2 e2f1 g1f3 g1h3 g2g3 h2h1 h2h3 h2h4	e2d2	1rb2r2/pp1k1p2/2p3p1/P3p2p/2PPp1nq/8/P2K2PR/BR4N1 b - - 1 28
1rb2r2/pp1k1p2/2p3p1/P3p2p/2PPp1nq/8/P2K2PR/BR4N1 b - - 1 28	a7a6 b7b5 b7b6 b8a8 c6c5 d7c7 d7d6 d7d8 d7e6 d7e7 d7e8 e4e3 e5d4 f7f5 f7f6 f8d8 f8e8 f8g8 f8h8 g4e3 g4f2 g4f6 g4h2 g4h6 g6g5 h4d8 h4e1 h4e7 h4f2 h4f6 h4g3 h4g5 h4h2 h4h3	d7e8	1rb1kr2/pp3p2/2p3p1/P3p2p/2PPp1nq/8/P2K2PR/BR4N1 w - - 2 29
1rb1kr2/pp3p2/2p3p1/P3p2p/2PPp1nq/8/P2K2PR/BR4N1 w - - 2 29	a1b2 a1c3 a2a3 a2a4 a5a6 b1b2 b1b3 b1b4 b1b5 b1b6 b1b7 b1c1 b1d1 b1e1 b1f1 c4c5 d2c1 d2c2 d2c3 d2d1 d2e2 d4d5 d4e5 g1e2 g1f3 g1h3 g2g3 h2h1 h2h3 h2h4	g1f3	1rb1kr2/pp3p2/2p3p1/P3p2p/2PPp1nq/5N2/P2K2PR/BR6 b - - 3 29
1rb1kr2/pp3p2/2p3p1/P3p2p/2PPp1nq/5N2/P2K2PR/BR6 b - - 3 29	a7a6 b7b5 b7b6 b8a8 c6c5 c8d7 c8e6 c8f5 e4e3 e4f3 e5d4 e8d7 e8d8 e8e7 f7f5 f7f6 f8g8 f8h8 g4e3 g4f2 g4f6 g4h2 g4h6 g6g5 h4d8 h4e1 h4e7 h4f2 h4f6 h4g3 h4g5 h4h2 h4h3	b7b5	1rb1kr2/p4p2/2p3p1/Pp2p2p/2PPp1nq/5N2/P2K2PR/BR6 w - b6 0 30
1rb1kr2/p4p2/2p3p1/Pp2p2p/2PPp1nq/5N2/P2K2PR/BR6 w - b6 0 30	a1b2 a1c3 a2a3 a2a4 a5a6 a5b6 b1b2 b1b3 b1b4 b1b5 b1c1 b1d1 b1e1 b1f1 b1g1 b1h1 c4b5 c4c5 d2c1 d2c2 d2c3 d2d1 d2e2 d4d5 d4e5 f3e1 f3e5 f3g1 f3g5 f3h4 g2g3 h2h1 h2h3 h2h4	b1b4	1rb1kr2/p4p2/2p3p1/Pp2p2p/1RPPp1nq/5N2/P2K2PR/B7 b - - 1 30
1rb1kr2/p4p2/2p3p1/Pp2p2p/1RPPp1nq/5N2/P2K2PR/B7 b - - 1 30	a7a6 b5c4 b8a8 b8b6 b8b7 c6c5 c8a6 c8b7 c8d7 c8e6 c8f5 e4e3 e4f3 e5d4 e8d7 e8d8 e8e7 f7f5 f7f6 f8g8 f8h8 g4e3 g4f2 g4f6 g4h2 g4h6 g6g5 h4d8 h4e1 h4e7 h4f2 h4f6 h4g3 h4g5 h4h2 h4h3	b8b6	2b1kr2/p4p2/1rp3p1/Pp2p2p/1RPPp1nq/5N2/P2K2PR/B7 w - - 2 31
rnbqkbnr/pppppppp/8/8/8/8/PPPPPPPP/RNBQKBNR w KQkq - 0 1	a2a3 a2a4 b1a3 b1c3 b2b3 b2b4 c2c3 c2c4 d2d3 d2d4 e2e3 e2e4 f2f3 f2f4 g1f3 g1h3 g2g3 g2g4 h2h3 h2h4	a2a3	rnbqkbnr/pppppppp/8/8/8/P7/1PPPPPPP/RNBQKBNR b KQkq - 0 1
rnbqkbnr/pppppppp/8/8/8/P7/1PPPPPPP/RNBQKBNR b KQkq - 0 1	a7a5 a7a6 b7b5 b7b6 b8a6 b8c6 c7c5 c7c6 d7d5 d7d6 e7e5 e7e6 f7f5 f7f6 g7g5 g7g6 g8f6 g8h6 h7h5 h7h6	b8c6	r1bqkbnr/pppppppp/2n5/8/8/P7/1PPPPPPP/RNBQKBNR w KQkq - 1 2
r1bqkbnr/pppppppp/2n5/8/8/P7/1PPPPPPP/RNBQKBNR w KQkq - 1 2	a1a2 a3a4 b1c3 b2b3 b2b4 c2c3 c2c4 d2d3 d2d4 e2e3 e2e4 f2f3 f2f4 g1f3 g1h3 g2g3 g2g4 h2h3 h2h4	g2g4	r1bqkbnr/pppppppp/2n5/8/6P1/P7/1PPPPP1P/RNBQKBNR b KQkq g3 0 2
r1bqkbnr/pppppppp/2n5/8/6P1/P7/1PPPPP1P/RNBQKBNR b KQkq g3 0 2	a7a5 a7a6 a8b8 b7b5 b7b6 c6a5 c6b4 c6b8 c6d4 c6e5 d7d5 d7d6 e7e5 e7e6 f7f5 f7f6 g7g5 g7g6 g8f6 g8h6 h7h5 h7h6	a7a6	r1bqkbnr/1ppppppp/p1n5/8/6P1/P7/1PPPPP1P/RNBQKBNR w KQkq - 0 3
r1bqkbnr/1ppppppp/p1n5/8/6P1/P7/1PPPPP1P/RNBQKBNR w KQkq - 0 3	a1a2 a3a4 b1c3 b2b3 b2b4 c2c3 c2c4 d2d3 d2d4 e2e3 e2e4 f1g2 f1h3 f2f3 f2f4 g1f3 g1h3 g4g5 h2h3 h2h4	a1a2	r1bqkbnr/1ppppppp/p1n5/8/6P1/P7/RPPPPP1P/1NBQKBNR b Kkq - 1 3
r1bqkbnr/1ppppppp/p1n5/8/6P1/P7/RPPPPP1P/1NBQKBNR b Kkq - 1 3	a6a5 a8a7 a8b8 b7b5 b7b6 c6a5 c6a7 c6b4 c6b8 c6d4 c6e5 d7d5 d7d6 e7e5 e7e6 f7f5 f7f6 g7g5 g7g6 g8f6 g8h6 h7h5 h7h6	e7e5	r1bqkbnr/1ppp1ppp/p1n5/4p3/6P1/P7/RPPPPP1P/1NBQKBNR w Kkq e6 0 4
r1bqkbnr/1ppp1ppp/p1n5/4p3/6P1/P7/RPPPPP1P/1NBQKBNR w Kkq e6 0 4	a2a1 a3a4 b1c3 b2b3 b2b4 c2c3 c2c4 d2d3 d2d4 e2e3 e2e4 f1g2 f1h3 f2f3 f2f4 g1f3 g1h3 g4g5 h2h3 h2h4	b2b3	r1bqkbnr/1ppp1ppp/p1n5/4p3/6P1/PP6/R1PPPP1P/1NBQKBNR b Kkq - 0 4
r1bqkbnr/1ppp1ppp/p1n5/4p3/6P1/PP6/R1PPPP1P/1NBQKBNR b Kkq - 0 4	a6a5 a8a7 a8b8 b7b5 b7b6 c6a5 c6a7 c6b4 c6b8 c6d4 c6e7 d7d5 d7d6 d8e7 d8f6 d8g5 d8h4 e5e4 e8e7 f7f5 f7f6 f8a3 f8b4 f8c5 f8d6 f8e7 g7g5 g7g6 g8e7 g8f6 g8h6 h7h5 h7h6	f7f6	r1bqkbnr/1ppp2pp/p1n2p2/4p3/6P1/PP6/R1PPPP1P/1NBQKBNR w Kkq - 0 5
r1bqkbnr/1ppp2pp/p1n2p2/4p3/6P1/PP6/R1PPPP1P/1NBQKBNR w Kkq - 0 5	a2a1 a2b2 a3a4 b1c3 b3b4 c1b2 c2c3 c2c4 d2d3 d2d4 e2e3 e2e4 f1g2 f1h3 f2f3 f2f4 g1f3 g1h3 g4g5 h2h3 h2h4	h2h4	r1bqkbnr/1ppp2pp/p1n2p2/4p3/6PP/PP6/R1PPPP2/1NBQKBNR b Kkq h3 0 5
r1bqkbnr/1ppp2pp/p1n2p2/4p3/6PP/PP6/R1PPPP2/1NBQKBNR b Kkq h3 0 5	a6a5 a8a7 a8b8 b7b5 b7b6 c6a5 c6a7 c6b4 c6b8 c6d4 c6e7 d7d5 d7d6 d8e7 e5e4 e8e7 e8f7 f6f5 f8a3 f8b4 f8c5 f8d6 f8e7 g7g5 g7g6 g8e7 g8h6 h7h5 h7h6	c6d4	r1bqkbnr/1ppp2pp/p4p2/4p3/3n2PP/PP6/R1PPPP2/1NBQKBNR w Kkq - 1 6
r1bqkbnr/1ppp2pp/p4p2/4p3/3n2PP/PP6/R1PPPP2/1NBQKBNR w Kkq - 1 6	a2a1 a2b2 a3a4 b1c3 b3b4 c1b2 c2c3 c2c4 d2d3 e2e3 e2e4 f1g2 f1h3 f2f3 f2f4 g1f3 g1h3 g4g5 h1h2 h1h3 h4h5	f2f4	r1bqkbnr/1ppp2pp/p4p2/4p3/3n1PPP/PP6/R1PPP3/1NBQKBNR b Kkq f3 0 6
r1bqkbnr/1ppp2pp/p4p2/4p3/3n1PPP/PP6/R1PPP3/1NBQKBNR b Kkq f3 0 6	a6a5 a8a7 a8b8 b7b5 b7b6 c7c5 c7c6 d4b3 d4b5 d4c2 d4c6 d4e2 d4e6 d4f3 d4f5 d7d5 d7d6 d8e7 e5e4 e5f4 e8e7 e8f7 f6f5 f8a3 f8b4 f8c5 f8d6 f8e7 g7g5 g7g6 g8e7 g8h6 h7h5 h7h6	d7d5	r1bqkbnr/1pp3pp/p4p2/3pp3/3n1PPP/PP6/R1PPP3/1NBQKBNR w Kkq d6 0 7
r1bqkbnr/1pp3pp/p4p2/3pp3/3n1PPP/PP6/R1PPP3/1NBQKBNR w Kkq d6 0 7	a2a1 a2b2 a3a4 b1c3 b3b4 c1b2 c2c3 c2c4 d2d3 e1f2 e2e3 e2e4 f1g2 f1h3 f4e5 f4f5 g1f3 g1h3 g4g5 h1h2 h1h3 h4h5	b1c3	r1bqkbnr/1pp3pp/p4p2/3pp3/3n1PPP/PPN5/R1PPP3/2BQKBNR b Kkq - 1 7
r1bqkbnr/1pp3pp/p4p2/3pp3/3n1PPP/PPN5/R1PPP3/2BQKBNR b Kkq - 1 7	a6a5 a8a7 a8b8 b7b5 b7b6 c7c5 c7c6 c8d7 c8e6 c8f5 c8g4 d4b3 d4b5 d4c2 d4c6 d4e2 d4e6 d4f3 d4f5 d8d6 d8d7 d8e7 e5e4 e5f4 e8d7 e8e7 e8f7 f6f5 f8a3 f8b4 f8c5 f8d6 f8e7 g7g5 g7g6 g8e7 g8h6 h7h5 h7h6	f6f5	r1bqkbnr/1pp3pp/p7/3ppp2/3n1PPP/PPN5/R1PPP3/2BQKBNR w Kkq - 0 8
r1bqkbnr/1pp3pp/p7/3ppp2/3n1PPP/PPN5/R1PPP3/2BQKBNR w Kkq - 0 8	a2a1 a2b2 a3a4 b3b4 c1b2 c3a4 c3b1 c3b5 c3d5 c3e4 d2d3 e1f2 e2e3 e2e4 f1g2 f1h3 f4e5 g1f3 g1h3 g4f5 g4g5 h1h2 h1h3 h4h5	d2d3	r1bqkbnr/1pp3pp/p7/3ppp2/3n1PPP/PPNP4/R1P1P3/2BQKBNR b Kkq - 0 8
r1bqkbnr/1pp3pp/p7/3ppp2/3n1PPP/PPNP4/R1P1P3/2BQKBNR b Kkq - 0 8	a6a5 a8a7 a8b8 b7b5 b7b6 c7c5 c7c6 c8d7 c8e6 d4b3 d4b5 d4c2 d4c6 d4e2 d4e6 d4f3 d8d6 d8d7 d8e7 d8f6 d8g5 d8h4 e5e4 e5f4 e8d7 e8e7 e8f7 f5g4 f8a3 f8b4 f8c5 f8d6 f8e7 g7g5 g7g6 g8e7 g8f6 g8h6 h7h5 h7h6	f8a3	r1bqk1nr/1pp3pp/p7/3ppp2/3n1PPP/bPNP4/R1P1P3/2BQKBNR w Kkq - 0 9
r1bqk1nr/1pp3pp/p7/3ppp2/3n1PPP/bPNP4/R1P1P3/2BQKBNR w Kkq - 0 9	a2a1 a2a3 a2b2 b3b4 c1a3 c1b2 c1d2 c1e3 c3a4 c3b1 c3b5 c3d5 c3e4 d1d2 e1d2 e1f2 e2e3 e2e4 f1g2 f1h3 f4e5 g1f3 g1h3 g4f5 g4g5 h1h2 h1h3 h4h5	a2a3	r1bqk1nr/1pp3pp/p7/3ppp2/3n1PPP/RPNP4/2P1P3/2BQKBNR b Kkq - 0 9
r1bqk1nr/1pp3pp/p7/3ppp2/3n1PPP/RPNP4/2P1P3/2BQKBNR b Kkq - 0 9	a6a5 a8a7 a8b8 b7b5 b7b6 c7c5 c7c6 c8d7 c8e6 d4b3 d4b5 d4c2 d4c6 d4e2 d4e6 d4f3 d8d6 d8d7 d8e7 d8f6 d8g5 d8h4 e5e4 e5f4 e8d7 e8e7 e8f7 e8f8 f5g4 g7g5 g7g6 g8e7 g8f6 g8h6 h7h5 h7h6	d4f3	r1bqk1nr/1pp3pp/p7/3ppp2/5PPP/RPNP1n2/2P1P3/2BQKBNR w Kkq - 1 10
r1bqk1nr/1pp3pp/p7/3ppp2/5PPP/RPNP1n2/2P1P3/2BQKBNR w Kkq - 1 10	e1f2 e2f3 g1f3	e2f3	r1bqk1nr/1pp3pp/p7/3ppp2/5PPP/RPNP1P2/2P5/2BQKBNR b Kkq - 0 10
r1bqk1nr/1pp3pp/p7/3ppp2/5PPP/RPNP1P2/2P5/2BQKBNR b Kkq - 0 10	a6a5 a8a7 a8b8 b7b5 b7b6 c7c5 c7c6 c8d7 c8e6 d5d4 d8d6 d8d7 d8e7 d8f6 d8g5 d8h4 e5e4 e5f4 e8d7 e8e7 e8f7 e8f8 f5g4 g7g5 g7g6 g8e7 g8f6 g8h6 h7h5 h7h6	d8g5	r1b1k1nr/1pp3pp/p7/3pppq1/5PPP/RPNP1P2/2P5/2BQKBNR w Kkq - 1 11
r1b1k1nr/1pp3pp/p7/3pppq1/5PPP/RPNP1P2/2P5/2BQKBNR w Kkq - 1 11	a3a1 a3a2 a3a4 a3a5 a3a6 b3b4 c1b2 c1d2 c1e3 c3a2 c3a4 c3b1 c3b5 c3d5 c3e2 c3e4 d1d2 d1e2 d3d4 e1d2 e1e2 e1f2 f1e2 f1g2 f1h3 f4e5 f4g5 g1e2 g1h3 g4f5 h1h2 h1h3 h4g5 h4h5	f4e5	r1b1k1nr/1pp3pp/p7/3pPpq1/6PP/RPNP1P2/2P5/2BQKBNR b Kkq - 0 11
r1b1k1nr/1pp3pp/p7/3pPpq1/6PP/RPNP1P2/2P5/2BQKBNR b Kkq - 0 11	a6a5 a8a7 a8b8 b7b5 b7b6 c7c5 c7c6 c8d7 c8e6 d5d4 e8d7 e8d8 e8e7 e8f7 e8f8 f5f4 f5g4 g5c1 g5d2 g5d8 g5e3 g5e7 g5f4 g5f6 g5g4 g5g6 g5h4 g5h5 g5h6 g7g6 g8e7 g8f6 g8h6 h7h5 h7h6	a8b8	1rb1k1nr/1pp3pp/p7/3pPpq1/6PP/RPNP1P2/2P5/2BQKBNR w Kk - 1 12
1rb1k1nr/1pp3pp/p7/3pPpq1/6PP/RPNP1P2/2P5/2BQKBNR w Kk - 1 12	a3a1 a3a2 a3a4 a3a5 a3a6 b3b4 c1b2 c1d2 c1e3 c1f4 c1g5 c3a2 c3a4 c3b1 c3b5 c3d5 c3e2 c3e4 d1d2 d1e2 d3d4 e1e2 e1f2 e5e6 f1e2 f1g2 f1h3 f3f4 g1e2 g1h3 g4f5 h1h2 h1h3 h4g5 h4h5	c3b1	1rb1k1nr/1pp3pp/p7/3pPpq1/6PP/RP1P1P2/2P5/1NBQKBNR b Kk - 2 12
1rb1k1nr/1pp3pp/p7/3pPpq1/6PP/RP1P1P2/2P5/1NBQKBNR b Kk - 2 12	a6a5 b7b5 b7b6 b8a8 c7c5 c7c6 c8d7 c8e6 d5d4 e8d7 e8d8 e8e7 e8f7 e8f8 f5f4 f5g4 g5c1 g5d2 g5d8 g5e3 g5e7 g5f4 g5f6 g5g4 g5g6 g5h4 g5h5 g5h6 g7g6 g8e7 g8f6 g8h6 h7h5 h7h6	g5g4	1rb1k1nr/1pp3pp/p7/3pPp2/6qP/RP1P1P2/2P5/1NBQKBNR w Kk - 0 13
1rb1k1nr/1pp3pp/p7/3pPp2/6qP/RP1P1P2/2P5/1NBQKBNR w Kk - 0 13	a3a1 a3a2 a3a4 a3a5 a3a6 b1c3 b1d2 b3b4 c1b2 c1d2 c1e3 c1f4 c1g5 c1h6 c2c3 c2c4 d1d2 d1e2 d3d4 e1d2 e1e2 e1f2 e5e6 f1e2 f1g2 f1h3 f3f4 f3g4 g1e2 g1h3 h1h2 h1h3 h4h5	c1h6	1rb1k1nr/1pp3pp/p6B/3pPp2/6qP/RP1P1P2/2P5/1N1QKBNR b Kk - 1 13
1rb1k1nr/1pp3pp/p6B/3pPp2/6qP/RP1P1P2/2P5/1N1QKBNR b Kk - 1 13	a6a5 b7b5 b7b6 b8a8 c7c5 c7c6 c8d7 c8e6 d5d4 e8d7 e8d8 e8e7 e8f7 e8f8 f5f4 g4a4 g4b4 g4c4 g4d4 g4e4 g4f3 g4f4 g4g1 g4g2 g4g3 g4g5 g4g6 g4h3 g4h4 g4h5 g7g5 g7g6 g7h6 g8e7 g8f6 g8h6	a6a5	1rb1k1nr/1pp3pp/7B/p2pPp2/6qP/RP1P1P2/2P5/1N1QKBNR w Kk - 0 14
1rb1k1nr/1pp3pp/7B/p2pPp2/6qP/RP1P1P2/2P5/1N1QKBNR w Kk - 0 14	a3a1 a3a2 a3a4 a3a5 b1c3 b1d2 b3b4 c2c3 c2c4 d1c1 d1d2 d1e2 d3d4 e1d2 e1e2 e1f2 e5e6 f1e2 f1g2 f1h3 f3f4 f3g4 g1e2 g1h3 h1h2 h1h3 h4h5 h6c1 h6d2 h6e3 h6f4 h6g5 h6g7	h4h5	1rb1k1nr/1pp3pp/7B/p2pPp1P/6q1/RP1P1P2/2P5/1N1QKBNR b Kk - 0 14
1rb1k1nr/1pp3pp/7B/p2pPp1P/6q1/RP1P1P2/2P5/1N1QKBNR b Kk - 0 14	a5a4 b7b5 b7b6 b8a8 c7c5 c7c6 c8d7 c8e6 d5d4 e8d7 e8d8 e8e7 e8f7 e8f8 f5f4 g4a4 g4b4 g4c4 g4d4 g4e4 g4f3 g4f4 g4g1 g4g2 g4g3 g4g5 g4g6 g4h3 g4h4 g4h5 g7g5 g7g6 g7h6 g8e7 g8f6 g8h6	g4g2	1rb1k1nr/1pp3pp/7B/p2pPp1P/8/RP1P1P2/2P3q1/1N1QKBNR w Kk - 1 15
1rb1k1nr/1pp3pp/7B/p2pPp1P/8/RP1P1P2/2P3q1/1N1QKBNR w Kk - 1 15	a3a1 a3a2 a3a4 a3a5 b1c3 b1d2 b3b4 c2c3 c2c4 d1c1 d1d2 d1e2 d3d4 e5e6 f1e2 f1g2 f3f4 g1e2 g1h3 h1h2 h1h3 h1h4 h6c1 h6d2 h6e3 h6f4 h6g5 h6g7	h6d2	1rb1k1nr/1pp3pp/8/p2pPp1P/8/RP1P1P2/2PB2q1/1N1QKBNR b Kk - 2 15
1rb1k1nr/1pp3pp/8/p2pPp1P/8/RP1P1P2/2PB2q1/1N1QKBNR b Kk - 2 15	a5a4 b7b5 b7b6 b8a8 c7c5 c7c6 c8d7 c8e6 d5d4 e8d7 e8d8 e8e7 e8f7 e8f8 f5f4 g2d2 g2e2 g2f1 g2f2 g2f3 g2g1 g2g3 g2g4 g2g5 g2g6 g2h1 g2h2 g2h3 g7g5 g7g6 g8e7 g8f6 g8h6 h7h6	g2g5	1rb1k1nr/1pp3pp/8/p2pPpqP/8/RP1P1P2/2PB4/1N1QKBNR w Kk - 3 16
1rb1k1nr/1pp3pp/8/p2pPpqP/8/RP1P1P2/2PB4/1N1QKBNR w Kk - 3 16	a3a1 a3a2 a3a4 a3a5 b1c3 b3b4 c2c3 c2c4 d1c1 d1e2 d2a5 d2b4 d2c1 d2c3 d2e3 d2f4 d2g5 d3d4 e1e2 e1f2 e5e6 f1e2 f1g2 f1h3 f3f4 g1e2 g1h3 h1h2 h1h3 h1h4 h5h6	d2b4	1rb1k1nr/1pp3pp/8/p2pPpqP/1B6/RP1P1P2/2P5/1N1QKBNR b Kk - 4 16
1rb1k1nr/1pp3pp/8/p2pPpqP/1B6/RP1P1P2/2P5/1N1QKBNR b Kk - 4 16	a5a4 a5b4 b7b5 b7b6 b8a8 c7c5 c7c6 c8d7 c8e6 d5d4 e8d7 e8d8 e8f7 f5f4 g5c1 g5d2 g5d8 g5e3 g5e7 g5f4 g5f6 g5g1 g5g2 g5g3 g5g4 g5g6 g5h4 g5h5 g5h6 g7g6 g8e7 g8f6 g8h6 h7h6	h7h6	1rb1k1nr/1pp3p1/7p/p2pPpqP/1B6/RP1P1P2/2P5/1N1QKBNR w Kk - 0 17
1rb1k1nr/1pp3p1/7p/p2pPpqP/1B6/RP1P1P2/2P5/1N1QKBNR w Kk - 0 17	a3a1 a3a2 a3a4 a3a5 b1c3 b1d2 b4a5 b4c3 b4c5 b4d2 b4d6 b4e7 b4f8 c2c3 c2c4 d1c1 d1d2 d1e2 d3d4 e1e2 e1f2 e5e6 f1e2 f1g2 f1h3 f3f4 g1e2 g1h3 h1h2 h1h3 h1h4	d1d2	1rb1k1nr/1pp3p1/7p/p2pPpqP/1B6/RP1P1P2/2PQ4/1N2KBNR b Kk - 1 17
1rb1k1nr/1pp3p1/7p/p2pPpqP/1B6/RP1P1P2/2PQ4/1N2KBNR b Kk - 1 17	a5a4 a5b4 b7b5 b7b6 b8a8 c7c5 c7c6 c8d7 c8e6 d5d4 e8d7 e8d8 e8f7 f5f4 g5d2 g5d8 g5e3 g5e7 g5f4 g5f6 g5g1 g5g2 g5g3 g5g4 g5g6 g5h4 g5h5 g7g6 g8e7 g8f6 h8h7	g5f6	1rb1k1nr/1pp3p1/5q1p/p2pPp1P/1B6/RP1P1P2/2PQ4/1N2KBNR w Kk - 2 18
1rb1k1nr/1pp3p1/5q1p/p2pPp1P/1B6/RP1P1P2/2PQ4/1N2KBNR w Kk - 2 18	a3a1 a3a2 a3a4 a3a5 b1c3 b4a5 b4c3 b4c5 b4d6 b4e7 b4f8 c2c3 c2c4 d2c1 d2c3 d2d1 d2e2 d2e3 d2f2 d2f4 d2g2 d2g5 d2h2 d2h6 d3d4 e1d1 e1e2 e1f2 e5e6 e5f6 f1e2 f1g2 f1h3 f3f4 g1e2 g1h3 h1h2 h1h3 h1h4	f1g2	1rb1k1nr/1pp3p1/5q1p/p2pPp1P/1B6/RP1P1P2/2PQ2B1/1N2K1NR b Kk - 3 18
1rb1k1nr/1pp3p1/5q1p/p2pPp1P/1B6/RP1P1P2/2PQ2B1/1N2K1NR b Kk - 3 18	a5a4 a5b4 b7b5 b7b6 b8a8 c7c5 c7c6 c8d7 c8e6 d5d4 e8d7 e8d8 e8f7 f5f4 f6a6 f6b6 f6c6 f6d6 f6d8 f6e5 f6e6 f6e7 f6f7 f6f8 f6g5 f6g6 f6h4 g7g5 g7g6 g8e7 h8h7	b7b6	1rb1k1nr/2p3p1/1p3q1p/p2pPp1P/1B6/RP1P1P2/2PQ2B1/1N2K1NR w Kk - 0 19
1rb1k1nr/2p3p1/1p3q1p/p2pPp1P/1B6/RP1P1P2/2PQ2B1/1N2K1NR w Kk - 0 19	a3a1 a3a2 a3a4 a3a5 b1c3 b4a5 b4c3 b4c5 b4d6 b4e7 b4f8 c2c3 c2c4 d2c1 d2c3 d2d1 d2e2 d2e3 d2f2 d2f4 d2g5 d2h6 d3d4 e1d1 e1e2 e1f1 e1f2 e5e6 e5f6 f3f4 g1e2 g1h3 g2f1 g2h3 h1h2 h1h3 h1h4	b1c3	1rb1k1nr/2p3p1/1p3q1p/p2pPp1P/1B6/RPNP1P2/2PQ2B1/4K1NR b Kk - 1 19
1rb1k1nr/2p3p1/1p3q1p/p2pPp1P/1B6/RPNP1P2/2PQ2B1/4K1NR b Kk - 1 19	a5a4 a5b4 b6b5 b8a8 b8b7 c7c5 c7c6 c8a6 c8b7 c8d7 c8e6 d5d4 e8d7 e8d8 e8f7 f5f4 f6c6 f6d6 f6d8 f6e5 f6e6 f6e7 f6f7 f6f8 f6g5 f6g6 f6h4 g7g5 g7g6 g8e7 h8h7	a5a4	1rb1k1nr/2p3p1/1p3q1p/3pPp1P/pB6/RPNP1P2/2PQ2B1/4K1NR w Kk - 0 20
1rb1k1nr/2p3p1/1p3q1p/3pPp1P/pB6/RPNP1P2/2PQ2B1/4K1NR w Kk - 0 20	a3a1 a3a2 a3a4 b3a4 b4a5 b4c5 b4d6 b4e7 b4f8 c3a2 c3a4 c3b1 c3b5 c3d1 c3d5 c3e2 c3e4 d2c1 d2d1 d2e2 d2e3 d2f2 d2f4 d2g5 d2h6 d3d4 e1d1 e1e2 e1f1 e1f2 e5e6 e5f6 f3f4 g1e2 g1h3 g2f1 g2h3 h1h2 h1h3 h1h4	d2g5	1rb1k1nr/2p3p1/1p3q1p/3pPpQP/pB6/RPNP1P2/2P3B1/4K1NR b Kk - 1 20
1rb1k1nr/2p3p1/1p3q1p/3pPpQP/pB6/RPNP1P2/2P3B1/4K1NR b Kk - 1 20	a4b3 b6b5 b8a8 b8b7 c7c5 c7c6 c8a6 c8b7 c8d7 c8e6 d5d4 e8d7 e8d8 e8f7 f5f4 f6c6 f6d6 f6d8 f6e5 f6e6 f6e7 f6f7 f6f8 f6g5 f6g6 g7g6 g8e7 h6g5 h8h7	f5f4	1rb1k1nr/2p3p1/1p3q1p/3pP1QP/pB3p2/RPNP1P2/2P3B1/4K1NR w Kk - 0 21
1rb1k1nr/2p3p1/1p3q1p/3pP1QP/pB3p2/RPNP1P2/2P3B1/4K1NR w Kk - 0 21	a3a1 a3a2 a3a4 b3a4 b4a5 b4c5 b4d6 b4e7 b4f8 c3a2 c3a4 c3b1 c3b5 c3d1 c3d5 c3e2 c3e4 d3d4 e1d1 e1d2 e1e2 e1f1 e1f2 e5e6 e5f6 g1e2 g1h3 g2f1 g2h3 g5f4 g5f5 g5f6 g5g3 g5g4 g5g6 g5g7 g5h4 g5h6 h1h2 h1h3 h1h4	g2h3	1rb1k1nr/2p3p1/1p3q1p/3pP1QP/pB3p2/RPNP1P1B/2P5/4K1NR b Kk - 1 21
1rb1k1nr/2p3p1/1p3q1p/3pP1QP/pB3p2/RPNP1P1B/2P5/4K1NR b Kk - 1 21	a4b3 b6b5 b8a8 b8b7 c7c5 c7c6 c8a6 c8b7 c8d7 c8e6 c8f5 c8g4 c8h3 d5d4 e8d8 e8f7 f6c6 f6d6 f6d8 f6e5 f6e6 f6e7 f6f5 f6f7 f6f8 f6g5 f6g6 g7g6 g8e7 h6g5 h8h7	f6c6	1rb1k1nr/2p3p1/1pq4p/3pP1QP/pB3p2/RPNP1P1B/2P5/4K1NR w Kk - 2 22
1rb1k1nr/2p3p1/1pq4p/3pP1QP/pB3p2/RPNP1P1B/2P5/4K1NR w Kk - 2 22	a3a1 a3a2 a3a4 b3a4 b4a5 b4c5 b4d6 b4e7 b4f8 c3a2 c3a4 c3b1 c3b5 c3d1 c3d5 c3e2 c3e4 d3d4 e1d1 e1d2 e1e2 e1f1 e1f2 e5e6 g1e2 g5d8 g5e7 g5f4 g5f5 g5f6 g5g2 g5g3 g5g4 g5g6 g5g7 g5h4 g5h6 h1h2 h3c8 h3d7 h3e6 h3f1 h3f5 h3g2 h3g4	e1e2	1rb1k1nr/2p3p1/1pq4p/3pP1QP/pB3p2/RPNP1P1B/2P1K3/6NR b k - 3 22
1rb1k1nr/2p3p1/1pq4p/3pP1QP/pB3p2/RPNP1P1B/2P1K3/6NR b k - 3 22	a4b3 b6b5 b8a8 b8b7 c6a8 c6b5 c6b7 c6c3 c6c4 c6c5 c6d6 c6d7 c6e6 c6f6 c6g6 c8a6 c8b7 c8d7 c8e6 c8f5 c8g4 c8h3 d5d4 e8f7 g7g6 g8e7 g8f6 h6g5 h8h7	c6b7	1rb1k1nr/1qp3p1/1p5p/3pP1QP/pB3p2/RPNP1P1B/2P1K3/6NR w k - 4 23
1rb1k1nr/1qp3p1/1p5p/3pP1QP/pB3p2/RPNP1P1B/2P1K3/6NR w k - 4 23	a3a1 a3a2 a3a4 b3a4 b4a5 b4c5 b4d6 b4e7 b4f8 c3a2 c3a4 c3b1 c3b5 c3d1 c3d5 c3e4 d3d4 e2d1 e2d2 e2e1 e2f1 e2f2 e5e6 g5d8 g5e7 g5f4 g5f5 g5f6 g5g2 g5g3 g5g4 g5g6 g5g7 g5h4 g5h6 h1h2 h3c8 h3d7 h3e6 h3f1 h3f5 h3g2 h3g4	g5g3	1rb1k1nr/1qp3p1/1p5p/3pP2P/pB3p2/RPNP1PQB/2P1K3/6NR b k - 5 23
1rb1k1nr/1qp3p1/1p5p/3pP2P/pB3p2/RPNP1PQB/2P1K3/6NR b k - 5 23	a4b3 b6b5 b7a6 b7a7 b7a8 b7c6 b8a8 c7c5 c7c6 c8d7 c8e6 c8f5 c8g4 c8h3 d5d4 e8d8 e8f7 f4g3 g7g5 g7g6 g8e7 g8f6 h8h7	c8h3	1r2k1nr/1qp3p1/1p5p/3pP2P/pB3p2/RPNP1PQb/2P1K3/6NR w k - 0 24
1r2k1nr/1qp3p1/1p5p/3pP2P/pB3p2/RPNP1PQb/2P1K3/6NR w k - 0 24	a3a1 a3a2 a3a4 b3a4 b4a5 b4c5 b4d6 b4e7 b4f8 c3a2 c3a4 c3b1 c3b5 c3d1 c3d5 c3e4 d3d4 e2d1 e2d2 e2e1 e2f2 e5e6 g1h3 g3e1 g3f2 g3f4 g3g2 g3g4 g3g5 g3g6 g3g7 g3h2 g3h3 g3h4 h1h2 h1h3	c3b5	1r2k1nr/1qp3p1/1p5p/1N1pP2P/pB3p2/RP1P1PQb/2P1K3/6NR b k - 1 24
1r2k1nr/1qp3p1/1p5p/1N1pP2P/pB3p2/RP1P1PQb/2P1K3/6NR b k - 1 24	a4b3 b7a6 b7a7 b7a8 b7c6 b7c8 b8a8 b8c8 b8d8 c7c5 c7c6 d5d4 e8d7 e8d8 e8f7 f4g3 g7g5 g7g6 g8e7 g8f6 h3c8 h3d7 h3e6 h3f1 h3f5 h3g2 h3g4 h8h7	h3f5	1r2k1nr/1qp3p1/1p5p/1N1pPb1P/pB3p2/RP1P1PQ1/2P1K3/6NR w k - 2 25
1r2k1nr/1qp3p1/1p5p/1N1pPb1P/pB3p2/RP1P1PQ1/2P1K3/6NR w k - 2 25	a3a1 a3a2 a3a4 b3a4 b4a5 b4c3 b4c5 b4d2 b4d6 b4e1 b4e7 b4f8 b5a7 b5c3 b5c7 b5d4 b5d6 c2c3 c2c4 d3d4 e2d1 e2d2 e2e1 e2f1 e2f2 e5e6 g1h3 g3e1 g3f2 g3f4 g3g2 g3g4 g3g5 g3g6 g3g7 g3h2 g3h3 g3h4 h1h2 h1h3 h1h4	e2f2	1r2k1nr/1qp3p1/1p5p/1N1pPb1P/pB3p2/RP1P1PQ1/2P2K2/6NR b k - 3 25
1r2k1nr/1qp3p1/1p5p/1N1pPb1P/pB3p2/RP1P1PQ1/2P2K2/6NR b k - 3 25	a4b3 b7a6 b7a7 b7a8 b7c6 b7c8 b8a8 b8c8 b8d8 c7c5 c7c6 d5d4 e8d7 e8d8 e8f7 f4g3 f5c8 f5d3 f5d7 f5e4 f5e6 f5g4 f5g6 f5h3 f5h7 g7g5 g7g6 g8e7 g8f6 h8h7	f5d7	1r2k1nr/1qpb2p1/1p5p/1N1pP2P/pB3p2/RP1P1PQ1/2P2K2/6NR w k - 4 26
1r2k1nr/1qpb2p1/1p5p/1N1pP2P/pB3p2/RP1P1PQ1/2P2K2/6NR w k - 4 26	a3a1 a3a2 a3a4 b3a4 b4a5 b4c3 b4c5 b4d2 b4d6 b4e1 b4e7 b4f8 b5a7 b5c3 b5c7 b5d4 b5d6 c2c3 c2c4 d3d4 e5e6 f2e1 f2e2 f2f1 f2g2 g1e2 g1h3 g3f4 g3g2 g3g4 g3g5 g3g6 g3g7 g3h2 g3h3 g3h4 h1h2 h1h3 h1h4	b5c7	1r2k1nr/1qNb2p1/1p5p/3pP2P/pB3p2/RP1P1PQ1/2P2K2/6NR b k - 0 26
1r2k1nr/1qNb2p1/1p5p/3pP2P/pB3p2/RP1P1PQ1/2P2K2/6NR b k - 0 26	b7c7 e8d8 e8f7	e8f7	1r4nr/1qNb1kp1/1p5p/3pP2P/pB3p2/RP1P1PQ1/2P2K2/6NR w - - 1 27
1r4nr/1qNb1kp1/1p5p/3pP2P/pB3p2/RP1P1PQ1/2P2K2/6NR w - - 1 27	a3a1 a3a2 a3a4 b3a4 b4a5 b4c3 b4c5 b4d2 b4d6 b4e1 b4e7 b4f8 c2c3 c2c4 c7a6 c7a8 c7b5 c7d5 c7e6 c7e8 d3d4 e5e6 f2e1 f2e2 f2f1 f2g2 g1e2 g1h3 g3f4 g3g2 g3g4 g3g5 g3g6 g3g7 g3h2 g3h3 g3h4 h1h2 h1h3 h1h4	c7e8	1r2N1nr/1q1b1kp1/1p5p/3pP2P/pB3p2/RP1P1PQ1/2P2K2/6NR b - - 2 27
1r2N1nr/1q1b1kp1/1p5p/3pP2P/pB3p2/RP1P1PQ1/2P2K2/6NR b - - 2 27	a4b3 b6b5 b7a6 b7a7 b7a8 b7c6 b7c7 b7c8 b8a8 b8c8 b8d8 b8e8 d5d4 d7b5 d7c6 d7c8 d7e6 d7e8 d7f5 d7g4 d7h3 f4g3 f7e6 f7e8 g7g5 g7g6 g8e7 g8f6 h8h7	d7f5	1r2N1nr/1q3kp1/1p5p/3pPb1P/pB3p2/RP1P1PQ1/2P2K2/6NR w - - 3 28
1r2N1nr/1q3kp1/1p5p/3pPb1P/pB3p2/RP1P1PQ1/2P2K2/6NR w - - 3 28	a3a1 a3a2 a3a4 b3a4 b4a5 b4c3 b4c5 b4d2 b4d6 b4e1 b4e7 b4f8 c2c3 c2c4 d3d4 e5e6 e8c7 e8d6 e8f6 e8g7 f2e1 f2e2 f2f1 f2g2 g1e2 g1h3 g3f4 g3g2 g3g4 g3g5 g3g6 g3g7 g3h2 g3h3 g3h4 h1h2 h1h3 h1h4	e8d6	1r4nr/1q3kp1/1p1N3p/3pPb1P/pB3p2/RP1P1PQ1/2P2K2/6NR b - - 4 28
1r4nr/1q3kp1/1p1N3p/3pPb1P/pB3p2/RP1P1PQ1/2P2K2/6NR b - - 4 28	f7e6 f7e7 f7f8	f7e6	1r4nr/1q4p1/1p1Nk2p/3pPb1P/pB3p2/RP1P1PQ1/2P2K2/6NR w - - 5 29
1r4nr/1q4p1/1p1Nk2p/3pPb1P/pB3p2/RP1P1PQ1/2P2K2/6NR w - - 5 29	a3a1 a3a2 a3a4 b3a4 b4a5 b4c3 b4c5 b4d2 b4e1 c2c3 c2c4 d3d4 d6b5 d6b7 d6c4 d6c8 d6e4 d6e8 d6f5 d6f7 f2e1 f2e2 f2f1 f2g2 g1e2 g1h3 g3f4 g3g2 g3g4 g3g5 g3g6 g3g7 g3h2 g3h3 g3h4 h1h2 h1h3 h1h4	d6b5	1r4nr/1q4p1/1p2k2p/1N1pPb1P/pB3p2/RP1P1PQ1/2P2K2/6NR b - - 6 29
1r4nr/1q4p1/1p2k2p/1N1pPb1P/pB3p2/RP1P1PQ1/2P2K2/6NR b - - 6 29	a4b3 b7a6 b7a7 b7a8 b7c6 b7c7 b7c8 b7d7 b7e7 b7f7 b8a8 b8c8 b8d8 b8e8 b8f8 d5d4 e6d7 e6e5 e6f7 f4g3 f5d3 f5e4 f5g4 f5g6 f5h3 f5h7 g7g5 g7g6 g8e7 g8f6 h8h7	b8f8	5rnr/1q4p1/1p2k2p/1N1pPb1P/pB3p2/RP1P1PQ1/2P2K2/6NR w - - 7 30
5rnr/1q4p1/1p2k2p/1N1pPb1P/pB3p2/RP1P1PQ1/2P2K2/6NR w - - 7 30	a3a1 a3a2 a3a4 b3a4 b4a5 b4c3 b4c5 b4d2 b4d6 b4e1 b4e7 b4f8 b5a7 b5c3 b5c7 b5d4 b5d6 c2c3 c2c4 d3d4 f2e1 f2e2 f2f1 f2g2 g1e2 g1h3 g3f4 g3g2 g3g4 g3g5 g3g6 g3g7 g3h2 g3h3 g3h4 h1h2 h1h3 h1h4	f2f1	5rnr/1q4p1/1p2k2p/1N1pPb1P/pB3p2/RP1P1PQ1/2P5/5KNR b - - 8 30
5rnr/1q4p1/1p2k2p/1N1pPb1P/pB3p2/RP1P1PQ1/2P5/5KNR b - - 8 30	a4b3 b7a6 b7a7 b7a8 b7b8 b7c6 b7c7 b7c8 b7d7 b7e7 b7f7 d5d4 e6d7 e6e5 e6f7 f4g3 f5d3 f5e4 f5g4 f5g6 f5h3 f5h7 f8a8 f8b8 f8c8 f8d8 f8e8 f8f6 f8f7 g7g5 g7g6 g8e7 g8f6 h8h7	d5d4	5rnr/1q4p1/1p2k2p/1N2Pb1P/pB1p1p2/RP1P1PQ1/2P5/5KNR w - - 0 31
rnbqkbnr/pppppppp/8/8/8/8/PPPPPPPP/RNBQKBNR w KQkq - 0 1	a2a3 a2a4 b1a3 b1c3 b2b3 b2b4 c2c3 c2c4 d2d3 d2d4 e2e3 e2e4 f2f3 f2f4 g1f3 g1h3 g2g3 g2g4 h2h3 h2h4	e2e3	rnbqkbnr/pppppppp/8/8/8/4P3/PPPP1PPP/RNBQKBNR b KQkq - 0 1
rnbqkbnr/pppppppp/8/8/8/4P3/PPPP1PPP/RNBQKBNR b KQkq - 0 1	a7a5 a7a6 b7b5 b7b6 b8a6 b8c6 c7c5 c7c6 d7d5 d7d6 e7e5 e7e6 f7f5 f7f6 g7g5 g7g6 g8f6 g8h6 h7h5 h7h6	e7e5	rnbqkbnr/pppp1ppp/8/4p3/8/4P3/PPPP1PPP/RNBQKBNR w KQkq e6 0 2
rnbqkbnr/pppp1ppp/8/4p3/8/4P3/PPPP1PPP/RNBQKBNR w KQkq e6 0 2	a2a3 a2a4 b1a3 b1c3 b2b3 b2b4 c2c3 c2c4 d1e2 d1f3 d1g4 d1h5 d2d3 d2d4 e1e2 e3e4 f1a6 f1b5 f1c4 f1d3 f1e2 f2f3 f2f4 g1e2 g1f3 g1h3 g2g3 g2g4 h2h3 h2h4	h2h3	rnbqkbnr/pppp1ppp/8/4p3/8/4P2P/PPPP1PP1/RNBQKBNR b KQkq - 0 2
rnbqkbnr/pppp1ppp/8/4p3/8/4P2P/PPPP1PP1/RNBQKBNR b KQkq - 0 2	a7a5 a7a6 b7b5 b7b6 b8a6 b8c6 c7c5 c7c6 d7d5 d7d6 d8e7 d8f6 d8g5 d8h4 e5e4 e8e7 f7f5 f7f6 f8a3 f8b4 f8c5 f8d6 f8e7 g7g5 g7g6 g8e7 g8f6 g8h6 h7h5 h7h6	d8f6	rnb1kbnr/pppp1ppp/5q2/4p3/8/4P2P/PPPP1PP1/RNBQKBNR w KQkq - 1 3
rnb1kbnr/pppp1ppp/5q2/4p3/8/4P2P/PPPP1PP1/RNBQKBNR w KQkq - 1 3	a2a3 a2a4 b1a3 b1c3 b2b3 b2b4 c2c3 c2c4 d1e2 d1f3 d1g4 d1h5 d2d3 d2d4 e1e2 e3e4 f1a6 f1b5 f1c4 f1d3 f1e2 f2f3 f2f4 g1e2 g1f3 g2g3 g2g4 h1h2 h3h4	d1h5	rnb1kbnr/pppp1ppp/5q2/4p2Q/8/4P2P/PPPP1PP1/RNB1KBNR b KQkq - 2 3
rnb1kbnr/pppp1ppp/5q2/4p2Q/8/4P2P/PPPP1PP1/RNB1KBNR b KQkq - 2 3	a7a5 a7a6 b7b5 b7b6 b8a6 b8c6 c7c5 c7c6 d7d5 d7d6 e5e4 e8d8 e8e7 f6a6 f6b6 f6c6 f6d6 f6d8 f6e6 f6e7 f6f2 f6f3 f6f4 f6f5 f6g5 f6g6 f6h4 f6h6 f8a3 f8b4 f8c5 f8d6 f8e7 g7g5 g7g6 g8e7 g8h6 h7h6	f6b6	rnb1kbnr/pppp1ppp/1q6/4p2Q/8/4P2P/PPPP1PP1/RNB1KBNR w KQkq - 3 4
rnb1kbnr/pppp1ppp/1q6/4p2Q/8/4P2P/PPPP1PP1/RNB1KBNR w KQkq - 3 4	a2a3 a2a4 b1a3 b1c3 b2b3 b2b4 c2c3 c2c4 d2d3 d2d4 e1d1 e1e2 e3e4 f1a6 f1b5 f1c4 f1d3 f1e2 f2f3 f2f4 g1e2 g1f3 g2g3 g2g4 h1h2 h3h4 h5d1 h5e2 h5e5 h5f3 h5f5 h5f7 h5g4 h5g5 h5g6 h5h4 h5h6 h5h7	e1d1	rnb1kbnr/pppp1ppp/1q6/4p2Q/8/4P2P/PPPP1PP1/RNBK1BNR b kq - 4 4
rnb1kbnr/pppp1ppp/1q6/4p2Q/8/4P2P/PPPP1PP1/RNBK1BNR b kq - 4 4	a7a5 a7a6 b6a5 b6a6 b6b2 b6b3 b6b4 b6b5 b6c5 b6c6 b6d4 b6d6 b6e3 b6e6 b6f6 b6g6 b6h6 b8a6 b8c6 c7c5 c7c6 d7d5 d7d6 e5e4 e8d8 e8e7 f8a3 f8b4 f8c5 f8d6 f8e7 g7g5 g7g6 g8e7 g8f6 g8h6 h7h6	c7c5	rnb1kbnr/pp1p1ppp/1q6/2p1p2Q/8/4P2P/PPPP1PP1/RNBK1BNR w kq c6 0 5
rnb1kbnr/pp1p1ppp/1q6/2p1p2Q/8/4P2P/PPPP1PP1/RNBK1BNR w kq c6 0 5	a2a3 a2a4 b1a3 b1c3 b2b3 b2b4 c2c3 c2c4 d1e1 d1e2 d2d3 d2d4 e3e4 f1a6 f1b5 f1c4 f1d3 f1e2 f2f3 f2f4 g1e2 g1f3 g2g3 g2g4 h1h2 h3h4 h5e2 h5e5 h5f3 h5f5 h5f7 h5g4 h5g5 h5g6 h5h4 h5h6 h5h7	h5g4	rnb1kbnr/pp1p1ppp/1q6/2p1p3/6Q1/4P2P/PPPP1PP1/RNBK1BNR b kq - 1 5
rnb1kbnr/pp1p1ppp/1q6/2p1p3/6Q1/4P2P/PPPP1PP1/RNBK1BNR b kq - 1 5	a7a5 a7a6 b6a5 b6a6 b6b2 b6b3 b6b4 b6b5 b6c6 b6c7 b6d6 b6d8 b6e6 b6f6 b6g6 b6h6 b8a6 b8c6 c5c4 d7d5 d7d6 e5e4 e8d8 e8e7 f7f5 f7f6 f8d6 f8e7 g7g5 g7g6 g8e7 g8f6 g8h6 h7h5 h7h6	b8c6	r1b1kbnr/pp1p1ppp/1qn5/2p1p3/6Q1/4P2P/PPPP1PP1/RNBK1BNR w kq - 2 6
r1b1kbnr/pp1p1ppp/1qn5/2p1p3/6Q1/4P2P/PPPP1PP1/RNBK1BNR w kq - 2 6	a2a3 a2a4 b1a3 b1c3 b2b3 b2b4 c2c3 c2c4 d1e1 d1e2 d2d3 d2d4 e3e4 f1a6 f1b5 f1c4 f1d3 f1e2 f2f3 f2f4 g1e2 g1f3 g2g3 g4a4 g4b4 g4c4 g4d4 g4d7 g4e2 g4e4 g4e6 g4f3 g4f4 g4f5 g4g3 g4g5 g4g6 g4g7 g4h4 g4h5 h1h2 h3h4	g2g3	r1b1kbnr/pp1p1ppp/1qn5/2p1p3/6Q1/4P1PP/PPPP1P2/RNBK1BNR b kq - 0 6
r1b1kbnr/pp1p1ppp/1qn5/2p1p3/6Q1/4P1PP/PPPP1P2/RNBK1BNR b kq - 0 6	a7a5 a7a6 a8b8 b6a5 b6a6 b6b2 b6b3 b6b4 b6b5 b6c7 b6d8 c5c4 c6a5 c6b4 c6b8 c6d4 c6d8 c6e7 d7d5 d7d6 e5e4 e8d8 e8e7 f7f5 f7f6 f8d6 f8e7 g7g5 g7g6 g8e7 g8f6 g8h6 h7h5 h7h6	c6b8	rnb1kbnr/pp1p1ppp/1q6/2p1p3/6Q1/4P1PP/PPPP1P2/RNBK1BNR w kq - 1 7
rnb1kbnr/pp1p1ppp/1q6/2p1p3/6Q1/4P1PP/PPPP1P2/RNBK1BNR w kq - 1 7	a2a3 a2a4 b1a3 b1c3 b2b3 b2b4 c2c3 c2c4 d1e1 d1e2 d2d3 d2d4 e3e4 f1a6 f1b5 f1c4 f1d3 f1e2 f1g2 f2f3 f2f4 g1e2 g1f3 g4a4 g4b4 g4c4 g4d4 g4d7 g4e2 g4e4 g4e6 g4f3 g4f4 g4f5 g4g5 g4g6 g4g7 g4h4 g4h5 h1h2 h3h4	c2c4	rnb1kbnr/pp1p1ppp/1q6/2p1p3/2P3Q1/4P1PP/PP1P1P2/RNBK1BNR b kq c3 0 7
rnb1kbnr/pp1p1ppp/1q6/2p1p3/2P3Q1/4P1PP/PP1P1P2/RNBK1BNR b kq c3 0 7	a7a5 a7a6 b6a5 b6a6 b6b2 b6b3 b6b4 b6b5 b6c6 b6c7 b6d6 b6d8 b6e6 b6f6 b6g6 b6h6 b8a6 b8c6 d7d5 d7d6 e5e4 e8d8 e8e7 f7f5 f7f6 f8d6 f8e7 g7g5 g7g6 g8e7 g8f6 g8h6 h7h5 h7h6	b6b2	rnb1kbnr/pp1p1ppp/8/2p1p3/2P3Q1/4P1PP/Pq1P1P2/RNBK1BNR w kq - 0 8
rnb1kbnr/pp1p1ppp/8/2p1p3/2P3Q1/4P1PP/Pq1P1P2/RNBK1BNR w kq - 0 8	a2a3 a2a4 b1a3 b1c3 c1b2 d1e1 d1e2 d2d3 d2d4 e3e4 f1d3 f1e2 f1g2 f2f3 f2f4 g1e2 g1f3 g4d4 g4d7 g4e2 g4e4 g4e6 g4f3 g4f4 g4f5 g4g5 g4g6 g4g7 g4h4 g4h5 h1h2 h3h4	g4g5	rnb1kbnr/pp1p1ppp/8/2p1p1Q1/2P5/4P1PP/Pq1P1P2/RNBK1BNR b kq - 1 8
rnb1kbnr/pp1p1ppp/8/2p1p1Q1/2P5/4P1PP/Pq1P1P2/RNBK1BNR b kq - 1 8	a7a5 a7a6 b2a1 b2a2 b2a3 b2b1 b2b3 b2b4 b2b5 b2b6 b2c1 b2c2 b2c3 b2d2 b2d4 b7b5 b7b6 b8a6 b8c6 d7d5 d7d6 e5e4 f7f5 f7f6 f8d6 f8e7 g7g6 g8e7 g8f6 g8h6 h7h5 h7h6	g8f6	rnb1kb1r/pp1p1ppp/5n2/2p1p1Q1/2P5/4P1PP/Pq1P1P2/RNBK1BNR w kq - 2 9
rnb1kb1r/pp1p1ppp/5n2/2p1p1Q1/2P5/4P1PP/Pq1P1P2/RNBK1BNR w kq - 2 9	a2a3 a2a4 b1a3 b1c3 c1b2 d1e1 d1e2 d2d3 d2d4 e3e4 f1d3 f1e2 f1g2 f2f3 f2f4 g1e2 g1f3 g3g4 g5e5 g5f4 g5f5 g5f6 g5g4 g5g6 g5g7 g5h4 g5h5 g5h6 h1h2 h3h4	b1a3	rnb1kb1r/pp1p1ppp/5n2/2p1p1Q1/2P5/N3P1PP/Pq1P1P2/R1BK1BNR b kq - 3 9
rnb1kb1r/pp1p1ppp/5n2/2p1p1Q1/2P5/N3P1PP/Pq1P1P2/R1BK1BNR b kq - 3 9	a7a5 a7a6 b2a1 b2a2 b2a3 b2b1 b2b3 b2b4 b2b5 b2b6 b2c1 b2c2 b2c3 b2d2 b2d4 b7b5 b7b6 b8a6 b8c6 d7d5 d7d6 e5e4 e8d8 e8e7 f6d5 f6e4 f6g4 f6g8 f6h5 f8d6 f8e7 g7g6 h7h5 h7h6 h8g8	f6e4	rnb1kb1r/pp1p1ppp/8/2p1p1Q1/2P1n3/N3P1PP/Pq1P1P2/R1BK1BNR w kq - 4 10
rnb1kb1r/pp1p1ppp/8/2p1p1Q1/2P1n3/N3P1PP/Pq1P1P2/R1BK1BNR w kq - 4 10	a1b1 a3b1 a3b5 a3c2 c1b2 d1e1 d1e2 d2d3 d2d4 f1d3 f1e2 f1g2 f2f3 f2f4 g1e2 g1f3 g3g4 g5d8 g5e5 g5e7 g5f4 g5f5 g5f6 g5g4 g5g6 g5g7 g5h4 g5h5 g5h6 h1h2 h3h4	g5e7	rnb1kb1r/pp1pQppp/8/2p1p3/2P1n3/N3P1PP/Pq1P1P2/R1BK1BNR b kq - 5 10
rnb1kb1r/pp1pQppp/8/2p1p3/2P1n3/N3P1PP/Pq1P1P2/R1BK1BNR b kq - 5 10	e8e7 f8e7	e8e7	rnb2b1r/pp1pkppp/8/2p1p3/2P1n3/N3P1PP/Pq1P1P2/R1BK1BNR w - - 0 11
rnb2b1r/pp1pkppp/8/2p1p3/2P1n3/N3P1PP/Pq1P1P2/R1BK1BNR w - - 0 11	a1b1 a3b1 a3b5 a3c2 c1b2 d1e1 d1e2 d2d3 d2d4 f1d3 f1e2 f1g2 f2f3 f2f4 g1e2 g1f3 g3g4 h1h2 h3h4	a1b1	rnb2b1r/pp1pkppp/8/2p1p3/2P1n3/N3P1PP/Pq1P1P2/1RBK1BNR b - - 1 11
rnb2b1r/pp1pkppp/8/2p1p3/2P1n3/N3P1PP/Pq1P1P2/1RBK1BNR b - - 1 11	a7a5 a7a6 b2a1 b2a2 b2a3 b2b1 b2b3 b2b4 b2b5 b2b6 b2c1 b2c2 b2c3 b2d2 b2d4 b7b5 b7b6 b8a6 b8c6 d7d5 d7d6 e4c3 e4d2 e4d6 e4f2 e4f6 e4g3 e4g5 e7d6 e7d8 e7e6 e7e8 e7f6 f7f5 f7f6 g7g5 g7g6 h7h5 h7h6 h8g8	b2a1	rnb2b1r/pp1pkppp/8/2p1p3/2P1n3/N3P1PP/P2P1P2/qRBK1BNR w - - 2 12
rnb2b1r/pp1pkppp/8/2p1p3/2P1n3/N3P1PP/P2P1P2/qRBK1BNR w - - 2 12	a3b5 a3c2 b1a1 b1b2 b1b3 b1b4 b1b5 b1b6 b1b7 c1b2 d1c2 d1e1 d1e2 d2d3 d2d4 f1d3 f1e2 f1g2 f2f3 f2f4 g1e2 g1f3 g3g4 h1h2 h3h4	b1b7	rnb2b1r/pR1pkppp/8/2p1p3/2P1n3/N3P1PP/P2P1P2/q1BK1BNR b - - 0 12
rnb2b1r/pR1pkppp/8/2p1p3/2P1n3/N3P1PP/P2P1P2/q1BK1BNR b - - 0 12	a1a2 a1b1 a1b2 a1c1 a1c3 a1d4 a7a5 a7a6 b8a6 b8c6 c8b7 e4c3 e4d2 e4d6 e4f2 e4f6 e4g3 e4g5 e7d6 e7d8 e7e6 e7e8 e7f6 f7f5 f7f6 g7g5 g7g6 h7h5 h7h6 h8g8	g7g6	rnb2b1r/pR1pkp1p/6p1/2p1p3/2P1n3/N3P1PP/P2P1P2/q1BK1BNR w - - 0 13
rnb2b1r/pR1pkp1p/6p1/2p1p3/2P1n3/N3P1PP/P2P1P2/q1BK1BNR w - - 0 13	a3b1 a3b5 a3c2 b7a7 b7b1 b7b2 b7b3 b7b4 b7b5 b7b6 b7b8 b7c7 b7d7 d1c2 d1e1 d1e2 d2d3 d2d4 f1d3 f1e2 f1g2 f2f3 f2f4 g1e2 g1f3 g3g4 h1h2 h3h4	d2d4	rnb2b1r/pR1pkp1p/6p1/2p1p3/2PPn3/N3P1PP/P4P2/q1BK1BNR b - d3 0 13
rnb2b1r/pR1pkp1p/6p1/2p1p3/2PPn3/N3P1PP/P4P2/q1BK1BNR b - d3 0 13	a1a2 a1b1 a1b2 a1c1 a1c3 a1d4 a7a5 a7a6 b8a6 b8c6 c5d4 c8b7 e4c3 e4d2 e4d6 e4f2 e4f6 e4g3 e4g5 e5d4 e7d6 e7d8 e7e6 e7e8 e7f6 f7f5 f7f6 f8g7 f8h6 g6g5 h7h5 h7h6 h8g8	a1b2	rnb2b1r/pR1pkp1p/6p1/2p1p3/2PPn3/N3P1PP/Pq3P2/2BK1BNR w - - 1 14
rnb2b1r/pR1pkp1p/6p1/2p1p3/2PPn3/N3P1PP/Pq3P2/2BK1BNR w - - 1 14	a3b1 a3b5 a3c2 b7a7 b7b2 b7b3 b7b4 b7b5 b7b6 b7b8 b7c7 b7d7 c1b2 c1d2 d1e1 d4c5 d4d5 d4e5 f1d3 f1e2 f1g2 f2f3 f2f4 g1e2 g1f3 g3g4 h1h2 h3h4	g1e2	rnb2b1r/pR1pkp1p/6p1/2p1p3/2PPn3/N3P1PP/Pq2NP2/2BK1B1R b - - 2 14
rnb2b1r/pR1pkp1p/6p1/2p1p3/2PPn3/N3P1PP/Pq2NP2/2BK1B1R b - - 2 14	a7a5 a7a6 b2a1 b2a2 b2a3 b2b1 b2b3 b2b4 b2b5 b2b6 b2b7 b2c1 b2c2 b2c3 b2d2 b2d4 b2e2 b8a6 b8c6 c5d4 c8b7 e4c3 e4d2 e4d6 e4f2 e4f6 e4g3 e4g5 e5d4 e7d6 e7d8 e7e6 e7e8 e7f6 f7f5 f7f6 f8g7 f8h6 g6g5 h7h5 h7h6 h8g8	e7e8	rnb1kb1r/pR1p1p1p/6p1/2p1p3/2PPn3/N3P1PP/Pq2NP2/2BK1B1R w - - 3 15
rnb1kb1r/pR1p1p1p/6p1/2p1p3/2PPn3/N3P1PP/Pq2NP2/2BK1B1R w - - 3 15	a3b1 a3b5 a3c2 b7a7 b7b2 b7b3 b7b4 b7b5 b7b6 b7b8 b7c7 b7d7 c1b2 c1d2 d1e1 d4c5 d4d5 d4e5 e2c3 e2f4 e2g1 f1g2 f2f3 f2f4 g3g4 h1g1 h1h2 h3h4	d1e1	rnb1kb1r/pR1p1p1p/6p1/2p1p3/2PPn3/N3P1PP/Pq2NP2/2B1KB1R b - - 4 15
rnb1kb1r/pR1p1p1p/6p1/2p1p3/2PPn3/N3P1PP/Pq2NP2/2B1KB1R b - - 4 15	a7a5 a7a6 b2a1 b2a2 b2a3 b2b1 b2b3 b2b4 b2b5 b2b6 b2b7 b2c1 b2c2 b2c3 b2d2 b2d4 b2e2 b8a6 b8c6 c5d4 c8b7 d7d5 d7d6 e4c3 e4d2 e4d6 e4f2 e4f6 e4g3 e4g5 e5d4 e8d8 e8e7 f7f5 f7f6 f8d6 f8e7 f8g7 f8h6 g6g5 h7h5 h7h6 h8g8	b2d2	rnb1kb1r/pR1p1p1p/6p1/2p1p3/2PPn3/N3P1PP/P2qNP2/2B1KB1R w - - 5 16
rnb1kb1r/pR1p1p1p/6p1/2p1p3/2PPn3/N3P1PP/P2qNP2/2B1KB1R w - - 5 16	c1d2	c1d2	rnb1kb1r/pR1p1p1p/6p1/2p1p3/2PPn3/N3P1PP/P2BNP2/4KB1R b - - 0 16
rnb1kb1r/pR1p1p1p/6p1/2p1p3/2PPn3/N3P1PP/P2BNP2/4KB1R b - - 0 16	a7a5 a7a6 b8a6 b8c6 c5d4 c8b7 d7d5 d7d6 e4c3 e4d2 e4d6 e4f2 e4f6 e4g3 e4g5 e5d4 e8d8 e8e7 f7f5 f7f6 f8d6 f8e7 f8g7 f8h6 g6g5 h7h5 h7h6 h8g8	d7d6	rnb1kb1r/pR3p1p/3p2p1/2p1p3/2PPn3/N3P1PP/P2BNP2/4KB1R w - - 0 17
rnb1kb1r/pR3p1p/3p2p1/2p1p3/2PPn3/N3P1PP/P2BNP2/4KB1R w - - 0 17	a3b1 a3b5 a3c2 b7a7 b7b1 b7b2 b7b3 b7b4 b7b5 b7b6 b7b8 b7c7 b7d7 b7e7 b7f7 d2a5 d2b4 d2c1 d2c3 d4c5 d4d5 d4e5 e1d1 e2c1 e2c3 e2f4 e2g1 f1g2 f2f3 f2f4 g3g4 h1g1 h1h2 h3h4	a3c2	rnb1kb1r/pR3p1p/3p2p1/2p1p3/2PPn3/4P1PP/P1NBNP2/4KB1R b - - 1 17
rnb1kb1r/pR3p1p/3p2p1/2p1p3/2PPn3/4P1PP/P1NBNP2/4KB1R b - - 1 17	a7a5 a7a6 b8a6 b8c6 b8d7 c5d4 c8b7 c8d7 c8e6 c8f5 c8g4 c8h3 d6d5 e4c3 e4d2 e4f2 e4f6 e4g3 e4g5 e5d4 e8d8 f7f5 f7f6 f8e7 f8g7 f8h6 g6g5 h7h5 h7h6 h8g8	f8g7	rnb1k2r/pR3pbp/3p2p1/2p1p3/2PPn3/4P1PP/P1NBNP2/4KB1R w - - 2 18
rnb1k2r/pR3pbp/3p2p1/2p1p3/2PPn3/4P1PP/P1NBNP2/4KB1R w - - 2 18	a2a3 a2a4 b7a7 b7b1 b7b2 b7b3 b7b4 b7b5 b7b6 b7b8 b7c7 b7d7 b7e7 b7f7 c2a1 c2a3 c2b4 d2a5 d2b4 d2c1 d2c3 d4c5 d4d5 d4e5 e1d1 e2c1 e2c3 e2f4 e2g1 f1g2 f2f3 f2f4 g3g4 h1g1 h1h2 h3h4	d4d5	rnb1k2r/pR3pbp/3p2p1/2pPp3/2P1n3/4P1PP/P1NBNP2/4KB1R b - - 0 18
rnb1k2r/pR3pbp/3p2p1/2pPp3/2P1n3/4P1PP/P1NBNP2/4KB1R b - - 0 18	a7a5 a7a6 b8a6 b8c6 b8d7 c8b7 c8d7 c8e6 c8f5 c8g4 c8h3 e4c3 e4d2 e4f2 e4f6 e4g3 e4g5 e8d8 e8f8 f7f5 f7f6 g6g5 g7f6 g7f8 g7h6 h7h5 h7h6 h8f8 h8g8	g7h6	rnb1k2r/pR3p1p/3p2pb/2pPp3/2P1n3/4P1PP/P1NBNP2/4KB1R w - - 1 19
rnb1k2r/pR3p1p/3p2pb/2pPp3/2P1n3/4P1PP/P1NBNP2/4KB1R w - - 1 19	a2a3 a2a4 b7a7 b7b1 b7b2 b7b3 b7b4 b7b5 b7b6 b7b8 b7c7 b7d7 b7e7 b7f7 c2a1 c2a3 c2b4 c2d4 d2a5 d2b4 d2c1 d2c3 e1d1 e2c1 e2c3 e2d4 e2f4 e2g1 f1g2 f2f3 f2f4 g3g4 h1g1 h1h2 h3h4	b7f7	rnb1k2r/p4R1p/3p2pb/2pPp3/2P1n3/4P1PP/P1NBNP2/4KB1R b - - 0 19
rnb1k2r/p4R1p/3p2pb/2pPp3/2P1n3/4P1PP/P1NBNP2/4KB1R b - - 0 19	a7a5 a7a6 b8a6 b8c6 b8d7 c8a6 c8b7 c8d7 c8e6 c8f5 c8g4 c8h3 e4c3 e4d2 e4f2 e4f6 e4g3 e4g5 e8d8 e8f7 g6g5 h6e3 h6f4 h6f8 h6g5 h6g7 h8f8 h8g8	h6f8	rnb1kb1r/p4R1p/3p2p1/2pPp3/2P1n3/4P1PP/P1NBNP2/4KB1R w - - 1 20
rnb1kb1r/p4R1p/3p2p1/2pPp3/2P1n3/4P1PP/P1NBNP2/4KB1R w - - 1 20	a2a3 a2a4 c2a1 c2a3 c2b4 c2d4 d2a5 d2b4 d2c1 d2c3 e1d1 e2c1 e2c3 e2d4 e2f4 e2g1 f1g2 f2f3 f2f4 f7a7 f7b7 f7c7 f7d7 f7e7 f7f3 f7f4 f7f5 f7f6 f7f8 f7g7 f7h7 g3g4 h1g1 h1h2 h3h4	e2d4	rnb1kb1r/p4R1p/3p2p1/2pPp3/2PNn3/4P1PP/P1NB1P2/4KB1R b - - 2 20
rnb1kb1r/p4R1p/3p2p1/2pPp3/2PNn3/4P1PP/P1NB1P2/4KB1R b - - 2 20	a7a5 a7a6 b8a6 b8c6 b8d7 c5d4 c8a6 c8b7 c8d7 c8e6 c8f5 c8g4 c8h3 e4c3 e4d2 e4f2 e4f6 e4g3 e4g5 e5d4 e8d8 e8f7 f8e7 f8g7 f8h6 g6g5 h7h5 h7h6 h8g8	g6g5	rnb1kb1r/p4R1p/3p4/2pPp1p1/2PNn3/4P1PP/P1NB1P2/4KB1R w - - 0 21
rnb1kb1r/p4R1p/3p4/2pPp1p1/2PNn3/4P1PP/P1NB1P2/4KB1R w - - 0 21	a2a3 a2a4 c2a1 c2a3 c2b4 d2a5 d2b4 d2c1 d2c3 d4b3 d4b5 d4c6 d4e2 d4e6 d4f3 d4f5 e1d1 e1e2 f1d3 f1e2 f1g2 f2f3 f2f4 f7a7 f7b7 f7c7 f7d7 f7e7 f7f3 f7f4 f7f5 f7f6 f7f8 f7g7 f7h7 g3g4 h1g1 h1h2 h3h4	f7h7	rnb1kb1r/p6R/3p4/2pPp1p1/2PNn3/4P1PP/P1NB1P2/4KB1R b - - 0 21
rnb1kb1r/p6R/3p4/2pPp1p1/2PNn3/4P1PP/P1NB1P2/4KB1R b - - 0 21	a7a5 a7a6 b8a6 b8c6 b8d7 c5d4 c8a6 c8b7 c8d7 c8e6 c8f5 c8g4 c8h3 e4c3 e4d2 e4f2 e4f6 e4g3 e5d4 e8d8 f8e7 f8g7 f8h6 g5g4 h8g8 h8h7	e4g3	rnb1kb1r/p6R/3p4/2pPp1p1/2PN4/4P1nP/P1NB1P2/4KB1R w - - 0 22
rnb1kb1r/p6R/3p4/2pPp1p1/2PN4/4P1nP/P1NB1P2/4KB1R w - - 0 22	a2a3 a2a4 c2a1 c2a3 c2b4 d2a5 d2b4 d2c1 d2c3 d4b3 d4b5 d4c6 d4e2 d4e6 d4f3 d4f5 e1d1 e3e4 f1d3 f1e2 f1g2 f2f3 f2f4 f2g3 h1g1 h1h2 h3h4 h7a7 h7b7 h7c7 h7d7 h7e7 h7f7 h7g7 h7h4 h7h5 h7h6 h7h8	d4b3	rnb1kb1r/p6R/3p4/2pPp1p1/2P5/1N2P1nP/P1NB1P2/4KB1R b - - 1 22
rnb1kb1r/p6R/3p4/2pPp1p1/2P5/1N2P1nP/P1NB1P2/4KB1R b - - 1 22	a7a5 a7a6 b8a6 b8c6 b8d7 c8a6 c8b7 c8d7 c8e6 c8f5 c8g4 c8h3 e5e4 e8d8 f8e7 f8g7 f8h6 g3e2 g3e4 g3f1 g3f5 g3h1 g3h5 g5g4 h8g8 h8h7	c8d7	rn2kb1r/p2b3R/3p4/2pPp1p1/2P5/1N2P1nP/P1NB1P2/4KB1R w - - 2 23
rn2kb1r/p2b3R/3p4/2pPp1p1/2P5/1N2P1nP/P1NB1P2/4KB1R w - - 2 23	a2a3 a2a4 b3a1 b3a5 b3c1 b3c5 b3d4 c2a1 c2a3 c2b4 c2d4 d2a5 d2b4 d2c1 d2c3 e1d1 e3e4 f1d3 f1e2 f1g2 f2f3 f2f4 f2g3 h1g1 h1h2 h3h4 h7d7 h7e7 h7f7 h7g7 h7h4 h7h5 h7h6 h7h8	b3c1	rn2kb1r/p2b3R/3p4/2pPp1p1/2P5/4P1nP/P1NB1P2/2N1KB1R b - - 3 23
rn2kb1r/p2b3R/3p4/2pPp1p1/2P5/4P1nP/P1NB1P2/2N1KB1R b - - 3 23	a7a5 a7a6 b8a6 b8c6 d7a4 d7b5 d7c6 d7c8 d7e6 d7f5 d7g4 d7h3 e5e4 e8d8 f8e7 f8g7 f8h6 g3e2 g3e4 g3f1 g3f5 g3h1 g3h5 g5g4 h8g8 h8h7	a7a6	rn2kb1r/3b3R/p2p4/2pPp1p1/2P5/4P1nP/P1NB1P2/2N1KB1R w - - 0 24
rn2kb1r/3b3R/p2p4/2pPp1p1/2P5/4P1nP/P1NB1P2/2N1KB1R w - - 0 24	a2a3 a2a4 c1b3 c1d3 c1e2 c2a1 c2a3 c2b4 c2d4 d2a5 d2b4 d2c3 e1d1 e3e4 f1d3 f1e2 f1g2 f2f3 f2f4 f2g3 h1g1 h1h2 h3h4 h7d7 h7e7 h7f7 h7g7 h7h4 h7h5 h7h6 h7h8	f1d3	rn2kb1r/3b3R/p2p4/2pPp1p1/2P5/3BP1nP/P1NB1P2/2N1K2R b - - 1 24
rn2kb1r/3b3R/p2p4/2pPp1p1/2P5/3BP1nP/P1NB1P2/2N1K2R b - - 1 24	a6a5 a8a7 b8c6 d7a4 d7b5 d7c6 d7c8 d7e6 d7f5 d7g4 d7h3 e5e4 e8d8 f8e7 f8g7 f8h6 g3e2 g3e4 g3f1 g3f5 g3h1 g3h5 g5g4 h8g8 h8h7	d7f5	rn2kb1r/7R/p2p4/2pPpbp1/2P5/3BP1nP/P1NB1P2/2N1K2R w - - 2 25
rn2kb1r/7R/p2p4/2pPpbp1/2P5/3BP1nP/P1NB1P2/2N1K2R w - - 2 25	a2a3 a2a4 c1b3 c1e2 c2a1 c2a3 c2b4 c2d4 d2a5 d2b4 d2c3 d3e2 d3e4 d3f1 d3f5 e1d1 e3e4 f2f3 f2f4 f2g3 h1f1 h1g1 h1h2 h3h4 h7a7 h7b7 h7c7 h7d7 h7e7 h7f7 h7g7 h7h4 h7h5 h7h6 h7h8	h1f1	rn2kb1r/7R/p2p4/2pPpbp1/2P5/3BP1nP/P1NB1P2/2N1KR2 b - - 3 25
rn2kb1r/7R/p2p4/2pPpbp1/2P5/3BP1nP/P1NB1P2/2N1KR2 b - - 3 25	a6a5 a8a7 b8c6 b8d7 e5e4 e8d8 f5c8 f5d3 f5d7 f5e4 f5e6 f5g4 f5g6 f5h3 f5h7 f8e7 f8g7 f8h6 g3e2 g3e4 g3f1 g3h1 g3h5 g5g4 h8g8 h8h7	f5e6	rn2kb1r/7R/p2pb3/2pPp1p1/2P5/3BP1nP/P1NB1P2/2N1KR2 w - - 4 26
rn2kb1r/7R/p2pb3/2pPp1p1/2P5/3BP1nP/P1NB1P2/2N1KR2 w - - 4 26	a2a3 a2a4 c1b3 c1e2 c2a1 c2a3 c2b4 c2d4 d2a5 d2b4 d2c3 d3e2 d3e4 d3f5 d3g6 d5e6 e1d1 e3e4 f1g1 f1h1 f2f3 f2f4 f2g3 h3h4 h7a7 h7b7 h7c7 h7d7 h7e7 h7f7 h7g7 h7h4 h7h5 h7h6 h7h8	f1g1	rn2kb1r/7R/p2pb3/2pPp1p1/2P5/3BP1nP/P1NB1P2/2N1K1R1 b - - 5 26
rn2kb1r/7R/p2pb3/2pPp1p1/2P5/3BP1nP/P1NB1P2/2N1K1R1 b - - 5 26	a6a5 a8a7 b8c6 b8d7 e5e4 e6c8 e6d5 e6d7 e6f5 e6f7 e6g4 e6g8 e6h3 e8d8 f8e7 f8g7 f8h6 g3e2 g3e4 g3f1 g3f5 g3h1 g3h5 g5g4 h8g8 h8h7	f8h6	rn2k2r/7R/p2pb2b/2pPp1p1/2P5/3BP1nP/P1NB1P2/2N1K1R1 w - - 6 27
rn2k2r/7R/p2pb2b/2pPp1p1/2P5/3BP1nP/P1NB1P2/2N1K1R1 w - - 6 27	a2a3 a2a4 c1b3 c1e2 c2a1 c2a3 c2b4 c2d4 d2a5 d2b4 d2c3 d3e2 d3e4 d3f1 d3f5 d3g6 d5e6 e1d1 e3e4 f2f3 f2f4 f2g3 g1f1 g1g2 g1g3 g1h1 h3h4 h7a7 h7b7 h7c7 h7d7 h7e7 h7f7 h7g7 h7h6 h7h8	d5e6	rn2k2r/7R/p2pP2b/2p1p1p1/2P5/3BP1nP/P1NB1P2/2N1K1R1 b - - 0 27
rn2k2r/7R/p2pP2b/2p1p1p1/2P5/3BP1nP/P1NB1P2/2N1K1R1 b - - 0 27	a6a5 a8a7 b8c6 b8d7 d6d5 e5e4 e8d8 e8f8 g3e2 g3e4 g3f1 g3f5 g3h1 g3h5 g5g4 h6f8 h6g7 h8f8 h8g8 h8h7	g5g4	rn2k2r/7R/p2pP2b/2p1p3/2P3p1/3BP1nP/P1NB1P2/2N1K1R1 w - - 0 28
rn2k2r/7R/p2pP2b/2p1p3/2P3p1/3BP1nP/P1NB1P2/2N1K1R1 w - - 0 28	a2a3 a2a4 c1b3 c1e2 c2a1 c2a3 c2b4 c2d4 d2a5 d2b4 d2c3 d3e2 d3e4 d3f1 d3f5 d3g6 e1d1 e3e4 e6e7 f2f3 f2f4 f2g3 g1f1 g1g2 g1g3 g1h1 h3g4 h3h4 h7a7 h7b7 h7c7 h7d7 h7e7 h7f7 h7g7 h7h6 h7h8	h7f7	rn2k2r/5R2/p2pP2b/2p1p3/2P3p1/3BP1nP/P1NB1P2/2N1K1R1 b - - 1 28
rn2k2r/5R2/p2pP2b/2p1p3/2P3p1/3BP1nP/P1NB1P2/2N1K1R1 b - - 1 28	a6a5 a8a7 b8c6 b8d7 d6d5 e5e4 e8d8 g3e2 g3e4 g3f1 g3f5 g3h1 g3h5 g4h3 h6e3 h6f4 h6f8 h6g5 h6g7 h8f8 h8g8 h8h7	h6g7	rn2k2r/5Rb1/p2pP3/2p1p3/2P3p1/3BP1nP/P1NB1P2/2N1K1R1 w - - 2 29
rn2k2r/5Rb1/p2pP3/2p1p3/2P3p1/3BP1nP/P1NB1P2/2N1K1R1 w - - 2 29	a2a3 a2a4 c1b3 c1e2 c2a1 c2a3 c2b4 c2d4 d2a5 d2b4 d2c3 d3e2 d3e4 d3f1 d3f5 d3g6 d3h7 e1d1 e3e4 e6e7 f2f3 f2f4 f2g3 f7a7 f7b7 f7c7 f7d7 f7e7 f7f3 f7f4 f7f5 f7f6 f7f8 f7g7 g1f1 g1g2 g1g3 g1h1 h3g4 h3h4	e3e4	rn2k2r/5Rb1/p2pP3/2p1p3/2P1P1p1/3B2nP/P1NB1P2/2N1K1R1 b - - 0 29
rn2k2r/5Rb1/p2pP3/2p1p3/2P1P1p1/3B2nP/P1NB1P2/2N1K1R1 b - - 0 29	a6a5 a8a7 b8c6 b8d7 d6d5 e8d8 g3e2 g3e4 g3f1 g3f5 g3h1 g3h5 g4h3 g7f6 g7f8 g7h6 h8f8 h8g8 h8h3 h8h4 h8h5 h8h6 h8h7	g3h1	rn2k2r/5Rb1/p2pP3/2p1p3/2P1P1p1/3B3P/P1NB1P2/2N1K1Rn w - - 1 30
rn2k2r/5Rb1/p2pP3/2p1p3/2P1P1p1/3B3P/P1NB1P2/2N1K1Rn w - - 1 30	a2a3 a2a4 c1b3 c1e2 c2a1 c2a3 c2b4 c2d4 c2e3 d2a5 d2b4 d2c3 d2e3 d2f4 d2g5 d2h6 d3e2 d3f1 e1d1 e1e2 e1f1 e6e7 f2f3 f2f4 f7a7 f7b7 f7c7 f7d7 f7e7 f7f3 f7f4 f7f5 f7f6 f7f8 f7g7 g1f1 g1g2 g1g3 g1g4 g1h1 h3g4 h3h4	g1g4	rn2k2r/5Rb1/p2pP3/2p1p3/2P1P1R1/3B3P/P1NB1P2/2N1K2n b - - 0 30
rn2k2r/5Rb1/p2pP3/2p1p3/2P1P1R1/3B3P/P1NB1P2/2N1K2n b - - 0 30	a6a5 a8a7 b8c6 b8d7 d6d5 e8d8 g7f6 g7f8 g7h6 h1f2 h1g3 h8f8 h8g8 h8h3 h8h4 h8h5 h8h6 h8h7	h8f8	rn2kr2/5Rb1/p2pP3/2p1p3/2P1P1R1/3B3P/P1NB1P2/2N1K2n w - - 1 31
rnbqkbnr/pppppppp/8/8/8/8/PPPPPPPP/RNBQKBNR w KQkq - 0 1	a2a3 a2a4 b1a3 b1c3 b2b3 b2b4 c2c3 c2c4 d2d3 d2d4 e2e3 e2e4 f2f3 f2f4 g1f3 g1h3 g2g3 g2g4 h2h3 h2h4	b1c3	rnbqkbnr/pppppppp/8/8/8/2N5/PPPPPPPP/R1BQKBNR b KQkq - 1 1
rnbqkbnr/pppppppp/8/8/8/2N5/PPPPPPPP/R1BQKBNR b KQkq - 1 1	a7a5 a7a6 b7b5 b7b6 b8a6 b8c6 c7c5 c7c6 d7d5 d7d6 e7e5 e7e6 f7f5 f7f6 g7g5 g7g6 g8f6 g8h6 h7h5 h7h6	e7e5	rnbqkbnr/pppp1ppp/8/4p3/8/2N5/PPPPPPPP/R1BQKBNR w KQkq e6 0 2
rnbqkbnr/pppp1ppp/8/4p3/8/2N5/PPPPPPPP/R1BQKBNR w KQkq e6 0 2	a1b1 a2a3 a2a4 b2b3 b2b4 c3a4 c3b1 c3b5 c3d5 c3e4 d2d3 d2d4 e2e3 e2e4 f2f3 f2f4 g1f3 g1h3 g2g3 g2g4 h2h3 h2h4	e2e4	rnbqkbnr/pppp1ppp/8/4p3/4P3/2N5/PPPP1PPP/R1BQKBNR b KQkq e3 0 2
rnbqkbnr/pppp1ppp/8/4p3/4P3/2N5/PPPP1PPP/R1BQKBNR b KQkq e3 0 2	a7a5 a7a6 b7b5 b7b6 b8a6 b8c6 c7c5 c7c6 d7d5 d7d6 d8e7 d8f6 d8g5 d8h4 e8e7 f7f5 f7f6 f8a3 f8b4 f8c5 f8d6 f8e7 g7g5 g7g6 g8e7 g8f6 g8h6 h7h5 h7h6	d7d5	rnbqkbnr/ppp2ppp/8/3pp3/4P3/2N5/PPPP1PPP/R1BQKBNR w KQkq d6 0 3
rnbqkbnr/ppp2ppp/8/3pp3/4P3/2N5/PPPP1PPP/R1BQKBNR w KQkq d6 0 3	a1b1 a2a3 a2a4 b2b3 b2b4 c3a4 c3b1 c3b5 c3d5 c3e2 d1e2 d1f3 d1g4 d1h5 d2d3 d2d4 e1e2 e4d5 f1a6 f1b5 f1c4 f1d3 f1e2 f2f3 f2f4 g1e2 g1f3 g1h3 g2g3 g2g4 h2h3 h2h4	d1g4	rnbqkbnr/ppp2ppp/8/3pp3/4P1Q1/2N5/PPPP1PPP/R1B1KBNR b KQkq - 1 3
rnbqkbnr/ppp2ppp/8/3pp3/4P1Q1/2N5/PPPP1PPP/R1B1KBNR b KQkq - 1 3	a7a5 a7a6 b7b5 b7b6 b8a6 b8c6 b8d7 c7c5 c7c6 c8d7 c8e6 c8f5 c8g4 d5d4 d5e4 d8d6 d8d7 d8e7 d8f6 d8g5 d8h4 e8e7 f7f5 f7f6 f8a3 f8b4 f8c5 f8d6 f8e7 g7g5 g7g6 g8e7 g8f6 g8h6 h7h5 h7h6	b8d7	r1bqkbnr/pppn1ppp/8/3pp3/4P1Q1/2N5/PPPP1PPP/R1B1KBNR w KQkq - 2 4
r1bqkbnr/pppn1ppp/8/3pp3/4P1Q1/2N5/PPPP1PPP/R1B1KBNR w KQkq - 2 4	a1b1 a2a3 a2a4 b2b3 b2b4 c3a4 c3b1 c3b5 c3d1 c3d5 c3e2 d2d3 d2d4 e1d1 e1e2 e4d5 f1a6 f1b5 f1c4 f1d3 f1e2 f2f3 f2f4 g1e2 g1f3 g1h3 g2g3 g4d1 g4d7 g4e2 g4e6 g4f3 g4f4 g4f5 g4g3 g4g5 g4g6 g4g7 g4h3 g4h4 g4h5 h2h3 h2h4	c3a4	r1bqkbnr/pppn1ppp/8/3pp3/N3P1Q1/8/PPPP1PPP/R1B1KBNR b KQkq - 3 4
r1bqkbnr/pppn1ppp/8/3pp3/N3P1Q1/8/PPPP1PPP/R1B1KBNR b KQkq - 3 4	a7a5 a7a6 a8b8 b7b5 b7b6 c7c5 c7c6 d5d4 d5e4 d7b6 d7b8 d7c5 d7f6 d8e7 d8f6 d8g5 d8h4 e8e7 f7f5 f7f6 f8a3 f8b4 f8c5 f8d6 f8e7 g7g5 g7g6 g8e7 g8f6 g8h6 h7h5 h7h6	d8f6	r1b1kbnr/pppn1ppp/5q2/3pp3/N3P1Q1/8/PPPP1PPP/R1B1KBNR w KQkq - 4 5
r1b1kbnr/pppn1ppp/5q2/3pp3/N3P1Q1/8/PPPP1PPP/R1B1KBNR w KQkq - 4 5	a1b1 a2a3 a4b6 a4c3 a4c5 b2b3 b2b4 c2c3 c2c4 d2d3 d2d4 e1d1 e1e2 e4d5 f1a6 f1b5 f1c4 f1d3 f1e2 f2f3 f2f4 g1e2 g1f3 g1h3 g2g3 g4d1 g4d7 g4e2 g4e6 g4f3 g4f4 g4f5 g4g3 g4g5 g4g6 g4g7 g4h3 g4h4 g4h5 h2h3 h2h4	g4e6	r1b1kbnr/pppn1ppp/4Qq2/3pp3/N3P3/8/PPPP1PPP/R1B1KBNR b KQkq - 5 5
r1b1kbnr/pppn1ppp/4Qq2/3pp3/N3P3/8/PPPP1PPP/R1B1KBNR b KQkq - 5 5	e8d8 f6e6 f6e7 f7e6 f8e7 g8e7	e8d8	r1bk1bnr/pppn1ppp/4Qq2/3pp3/N3P3/8/PPPP1PPP/R1B1KBNR w KQ - 6 6
r1bk1bnr/pppn1ppp/4Qq2/3pp3/N3P3/8/PPPP1PPP/R1B1KBNR w KQ - 6 6	a1b1 a2a3 a4b6 a4c3 a4c5 b2b3 b2b4 c2c3 c2c4 d2d3 d2d4 e1d1 e1e2 e4d5 e6a6 e6b6 e6c6 e6d5 e6d6 e6d7 e6e5 e6e7 e6e8 e6f5 e6f6 e6f7 e6g4 e6h3 f1a6 f1b5 f1c4 f1d3 f1e2 f2f3 f2f4 g1e2 g1f3 g1h3 g2g3 g2g4 h2h3 h2h4	e6c6	r1bk1bnr/pppn1ppp/2Q2q2/3pp3/N3P3/8/PPPP1PPP/R1B1KBNR b KQ - 7 6
r1bk1bnr/pppn1ppp/2Q2q2/3pp3/N3P3/8/PPPP1PPP/R1B1KBNR b KQ - 7 6	a7a5 a7a6 a8b8 b7b5 b7b6 b7c6 d5d4 d5e4 d7b6 d7b8 d7c5 d8e7 d8e8 f6c6 f6d6 f6e6 f6e7 f6f2 f6f3 f6f4 f6f5 f6g5 f6g6 f6h4 f6h6 f8a3 f8b4 f8c5 f8d6 f8e7 g7g5 g7g6 g8e7 g8h6 h7h5 h7h6	d5d4	r1bk1bnr/pppn1ppp/2Q2q2/4p3/N2pP3/8/PPPP1PPP/R1B1KBNR w KQ - 0 7
r1bk1bnr/pppn1ppp/2Q2q2/4p3/N2pP3/8/PPPP1PPP/R1B1KBNR w KQ - 0 7	a1b1 a2a3 a4b6 a4c3 a4c5 b2b3 b2b4 c2c3 c2c4 c6a6 c6b5 c6b6 c6b7 c6c3 c6c4 c6c5 c6c7 c6d5 c6d6 c6d7 c6e6 c6f6 d2d3 e1d1 e1e2 f1a6 f1b5 f1c4 f1d3 f1e2 f2f3 f2f4 g1e2 g1f3 g1h3 g2g3 g2g4 h2h3 h2h4	c6b5	r1bk1bnr/pppn1ppp/5q2/1Q2p3/N2pP3/8/PPPP1PPP/R1B1KBNR b KQ - 1 7
r1bk1bnr/pppn1ppp/5q2/1Q2p3/N2pP3/8/PPPP1PPP/R1B1KBNR b KQ - 1 7	a7a5 a7a6 a8b8 b7b6 c7c5 c7c6 d4d3 d7b6 d7b8 d7c5 d8e7 d8e8 f6a6 f6b6 f6c6 f6d6 f6e6 f6e7 f6f2 f6f3 f6f4 f6f5 f6g5 f6g6 f6h4 f6h6 f8a3 f8b4 f8c5 f8d6 f8e7 g7g5 g7g6 g8e7 g8h6 h7h5 h7h6	f6e7	r1bk1bnr/pppnqppp/8/1Q2p3/N2pP3/8/PPPP1PPP/R1B1KBNR w KQ - 2 8
r1bk1bnr/pppnqppp/8/1Q2p3/N2pP3/8/PPPP1PPP/R1B1KBNR w KQ - 2 8	a1b1 a2a3 a4b6 a4c3 a4c5 b2b3 b2b4 b5a5 b5a6 b5b3 b5b4 b5b6 b5b7 b5c4 b5c5 b5c6 b5d3 b5d5 b5d7 b5e2 b5e5 c2c3 c2c4 d2d3 e1d1 e1e2 f1c4 f1d3 f1e2 f2f3 f2f4 g1e2 g1f3 g1h3 g2g3 g2g4 h2h3 h2h4	b5c6	r1bk1bnr/pppnqppp/2Q5/4p3/N2pP3/8/PPPP1PPP/R1B1KBNR b KQ - 3 8
r1bk1bnr/pppnqppp/2Q5/4p3/N2pP3/8/PPPP1PPP/R1B1KBNR b KQ - 3 8	a7a5 a7a6 a8b8 b7b5 b7b6 b7c6 d4d3 d7b6 d7b8 d7c5 d7f6 d8e8 e7a3 e7b4 e7c5 e7d6 e7e6 e7e8 e7f6 e7g5 e7h4 f7f5 f7f6 g7g5 g7g6 g8f6 g8h6 h7h5 h7h6	e7h4	r1bk1bnr/pppn1ppp/2Q5/4p3/N2pP2q/8/PPPP1PPP/R1B1KBNR w KQ - 4 9
r1bk1bnr/pppn1ppp/2Q5/4p3/N2pP2q/8/PPPP1PPP/R1B1KBNR w KQ - 4 9	a1b1 a2a3 a4b6 a4c3 a4c5 b2b3 b2b4 c2c3 c2c4 c6a6 c6b5 c6b6 c6b7 c6c3 c6c4 c6c5 c6c7 c6d5 c6d6 c6d7 c6e6 c6f6 c6g6 c6h6 d2d3 e1d1 e1e2 f1a6 f1b5 f1c4 f1d3 f1e2 g1e2 g1f3 g1h3 g2g3 g2g4 h2h3	e1e2	r1bk1bnr/pppn1ppp/2Q5/4p3/N2pP2q/8/PPPPKPPP/R1B2BNR b - - 5 9
r1bk1bnr/pppn1ppp/2Q5/4p3/N2pP2q/8/PPPPKPPP/R1B2BNR b - - 5 9	a7a5 a7a6 a8b8 b7b5 b7b6 b7c6 d4d3 d7b6 d7b8 d7c5 d7f6 d8e7 d8e8 f7f5 f7f6 f8a3 f8b4 f8c5 f8d6 f8e7 g7g5 g7g6 g8e7 g8f6 g8h6 h4e4 h4e7 h4f2 h4f4 h4f6 h4g3 h4g4 h4g5 h4h2 h4h3 h4h5 h4h6 h7h5 h7h6	d7f6	r1bk1bnr/ppp2ppp/2Q2n2/4p3/N2pP2q/8/PPPPKPPP/R1B2BNR w - - 6 10
r1bk1bnr/ppp2ppp/2Q2n2/4p3/N2pP2q/8/PPPPKPPP/R1B2BNR w - - 6 10	a1b1 a2a3 a4b6 a4c3 a4c5 b2b3 b2b4 c2c3 c2c4 c6a6 c6b5 c6b6 c6b7 c6c3 c6c4 c6c5 c6c7 c6d5 c6d6 c6d7 c6e6 c6e8 c6f6 d2d3 e2d1 e2d3 e2e1 e2f3 f2f3 f2f4 g1f3 g1h3 g2g3 g2g4 h2h3	c6c5	r1bk1bnr/ppp2ppp/5n2/2Q1p3/N2pP2q/8/PPPPKPPP/R1B2BNR b - - 7 10
r1bk1bnr/ppp2ppp/5n2/2Q1p3/N2pP2q/8/PPPPKPPP/R1B2BNR b - - 7 10	a7a5 a7a6 a8b8 b7b5 b7b6 c7c6 c8d7 c8e6 c8f5 c8g4 c8h3 d4d3 d8d7 d8e8 f6d5 f6d7 f6e4 f6e8 f6g4 f6h5 f8c5 f8d6 f8e7 g7g5 g7g6 g8e7 g8h6 h4e4 h4f2 h4f4 h4g3 h4g4 h4g5 h4h2 h4h3 h4h5 h4h6 h7h5 h7h6	g8h6	r1bk1b1r/ppp2ppp/5n1n/2Q1p3/N2pP2q/8/PPPPKPPP/R1B2BNR w - - 8 11
r1bk1b1r/ppp2ppp/5n1n/2Q1p3/N2pP2q/8/PPPPKPPP/R1B2BNR w - - 8 11	a1b1 a2a3 a4b6 a4c3 b2b3 b2b4 c2c3 c2c4 c5a3 c5a5 c5a7 c5b4 c5b5 c5b6 c5c3 c5c4 c5c6 c5c7 c5d4 c5d5 c5d6 c5e5 c5e7 c5f8 d2d3 e2d1 e2d3 e2e1 e2f3 f2f3 f2f4 g1f3 g1h3 g2g3 g2g4 h2h3	c5c3	r1bk1b1r/ppp2ppp/5n1n/4p3/N2pP2q/2Q5/PPPPKPPP/R1B2BNR b - - 9 11
r1bk1b1r/ppp2ppp/5n1n/4p3/N2pP2q/2Q5/PPPPKPPP/R1B2BNR b - - 9 11	a7a5 a7a6 a8b8 b7b5 b7b6 c7c5 c7c6 c8d7 c8e6 c8f5 c8g4 c8h3 d4c3 d4d3 d8d7 d8e7 d8e8 f6d5 f6d7 f6e4 f6e8 f6g4 f6g8 f6h5 f8a3 f8b4 f8c5 f8d6 f8e7 g7g5 g7g6 h4e4 h4f2 h4f4 h4g3 h4g4 h4g5 h4h2 h4h3 h4h5 h6f5 h6g4 h6g8 h8g8	a7a6	r1bk1b1r/1pp2ppp/p4n1n/4p3/N2pP2q/2Q5/PPPPKPPP/R1B2BNR w - - 0 12
r1bk1b1r/1pp2ppp/p4n1n/4p3/N2pP2q/2Q5/PPPPKPPP/R1B2BNR w - - 0 12	a1b1 a2a3 a4b6 a4c5 b2b3 b2b4 c3a3 c3a5 c3b3 c3b4 c3c4 c3c5 c3c6 c3c7 c3d3 c3d4 c3e3 c3f3 c3g3 c3h3 d2d3 e2d1 e2d3 e2e1 e2f3 f2f3 f2f4 g1f3 g1h3 g2g3 g2g4 h2h3	a4c5	r1bk1b1r/1pp2ppp/p4n1n/2N1p3/3pP2q/2Q5/PPPPKPPP/R1B2BNR b - - 1 12
r1bk1b1r/1pp2ppp/p4n1n/2N1p3/3pP2q/2Q5/PPPPKPPP/R1B2BNR b - - 1 12	a6a5 a8a7 a8b8 b7b5 b7b6 c7c6 c8d7 c8e6 c8f5 c8g4 c8h3 d4c3 d4d3 d8e7 d8e8 f6d5 f6d7 f6e4 f6e8 f6g4 f6g8 f6h5 f8c5 f8d6 f8e7 g7g5 g7g6 h4e4 h4f2 h4f4 h4g3 h4g4 h4g5 h4h2 h4h3 h4h5 h6f5 h6g4 h6g8 h8g8	f6d5	r1bk1b1r/1pp2ppp/p6n/2Nnp3/3pP2q/2Q5/PPPPKPPP/R1B2BNR w - - 2 13
r1bk1b1r/1pp2ppp/p6n/2Nnp3/3pP2q/2Q5/PPPPKPPP/R1B2BNR w - - 2 13	a1b1 a2a3 a2a4 b2b3 b2b4 c3a3 c3a5 c3b3 c3b4 c3c4 c3d3 c3d4 c3e3 c3f3 c3g3 c3h3 c5a4 c5a6 c5b3 c5b7 c5d3 c5d7 c5e6 d2d3 e2d1 e2d3 e2e1 e2f3 e4d5 f2f3 f2f4 g1f3 g1h3 g2g3 g2g4 h2h3	c5a6	r1bk1b1r/1pp2ppp/N6n/3np3/3pP2q/2Q5/PPPPKPPP/R1B2BNR b - - 0 13
r1bk1b1r/1pp2ppp/N6n/3np3/3pP2q/2Q5/PPPPKPPP/R1B2BNR b - - 0 13	a8a6 a8a7 a8b8 b7a6 b7b5 b7b6 c7c5 c7c6 c8d7 c8e6 c8f5 c8g4 c8h3 d4c3 d4d3 d5b4 d5b6 d5c3 d5e3 d5e7 d5f4 d5f6 d8d7 d8e7 d8e8 f7f5 f7f6 f8a3 f8b4 f8c5 f8d6 f8e7 g7g5 g7g6 h4e4 h4e7 h4f2 h4f4 h4f6 h4g3 h4g4 h4g5 h4h2 h4h3 h4h5 h6f5 h6g4 h6g8 h8g8	d5b6	r1bk1b1r/1pp2ppp/Nn5n/4p3/3pP2q/2Q5/PPPPKPPP/R1B2BNR w - - 1 14
r1bk1b1r/1pp2ppp/Nn5n/4p3/3pP2q/2Q5/PPPPKPPP/R1B2BNR w - - 1 14	a1b1 a2a3 a2a4 a6b4 a6b8 a6c5 a6c7 b2b3 b2b4 c3a3 c3a5 c3b3 c3b4 c3c4 c3c5 c3c6 c3c7 c3d3 c3d4 c3e3 c3f3 c3g3 c3h3 d2d3 e2d1 e2d3 e2e1 e2f3 f2f3 f2f4 g1f3 g1h3 g2g3 g2g4 h2h3	a6b4	r1bk1b1r/1pp2ppp/1n5n/4p3/1N1pP2q/2Q5/PPPPKPPP/R1B2BNR b - - 2 14
r1bk1b1r/1pp2ppp/1n5n/4p3/1N1pP2q/2Q5/PPPPKPPP/R1B2BNR b - - 2 14	a8a2 a8a3 a8a4 a8a5 a8a6 a8a7 a8b8 b6a4 b6c4 b6d5 b6d7 c7c5 c7c6 c8d7 c8e6 c8f5 c8g4 c8h3 d4c3 d4d3 d8d7 d8e7 d8e8 f7f5 f7f6 f8b4 f8c5 f8d6 f8e7 g7g5 g7g6 h4e4 h4e7 h4f2 h4f4 h4f6 h4g3 h4g4 h4g5 h4h2 h4h3 h4h5 h6f5 h6g4 h6g8 h8g8	c8h3	r2k1b1r/1pp2ppp/1n5n/4p3/1N1pP2q/2Q4b/PPPPKPPP/R1B2BNR w - - 3 15
r2k1b1r/1pp2ppp/1n5n/4p3/1N1pP2q/2Q4b/PPPPKPPP/R1B2BNR w - - 3 15	a1b1 a2a3 a2a4 b2b3 b4a6 b4c6 b4d3 b4d5 c3a3 c3b3 c3c4 c3c5 c3c6 c3c7 c3d3 c3d4 c3e3 c3f3 c3g3 c3h3 d2d3 e2d1 e2d3 e2e1 e2f3 f2f3 f2f4 g1f3 g1h3 g2g3 g2g4 g2h3	a2a3	r2k1b1r/1pp2ppp/1n5n/4p3/1N1pP2q/P1Q4b/1PPPKPPP/R1B2BNR b - - 0 15
r2k1b1r/1pp2ppp/1n5n/4p3/1N1pP2q/P1Q4b/1PPPKPPP/R1B2BNR b - - 0 15	a8a3 a8a4 a8a5 a8a6 a8a7 a8b8 a8c8 b6a4 b6c4 b6c8 b6d5 b6d7 c7c5 c7c6 d4c3 d4d3 d8c8 d8d7 d8e7 d8e8 f7f5 f7f6 f8b4 f8c5 f8d6 f8e7 g7g5 g7g6 h3c8 h3d7 h3e6 h3f5 h3g2 h3g4 h4e4 h4e7 h4f2 h4f4 h4f6 h4g3 h4g4 h4g5 h4h5 h6f5 h6g4 h6g8 h8g8	h4g5	r2k1b1r/1pp2ppp/1n5n/4p1q1/1N1pP3/P1Q4b/1PPPKPPP/R1B2BNR w - - 1 16
r2k1b1r/1pp2ppp/1n5n/4p1q1/1N1pP3/P1Q4b/1PPPKPPP/R1B2BNR w - - 1 16	a1a2 a1b1 a3a4 b2b3 b4a2 b4a6 b4c6 b4d3 b4d5 c3b3 c3c4 c3c5 c3c6 c3c7 c3d3 c3d4 c3e3 c3f3 c3g3 c3h3 d2d3 e2d1 e2d3 e2e1 e2f3 f2f3 f2f4 g1f3 g1h3 g2g3 g2g4 g2h3	c3d4	r2k1b1r/1pp2ppp/1n5n/4p1q1/1N1QP3/P6b/1PPPKPPP/R1B2BNR b - - 0 16
r2k1b1r/1pp2ppp/1n5n/4p1q1/1N1QP3/P6b/1PPPKPPP/R1B2BNR b - - 0 16	b6d5 b6d7 d8c8 d8e7 d8e8 e5d4 f8d6 h3d7	b6d5	r2k1b1r/1pp2ppp/7n/3np1q1/1N1QP3/P6b/1PPPKPPP/R1B2BNR w - - 1 17
r2k1b1r/1pp2ppp/7n/3np1q1/1N1QP3/P6b/1PPPKPPP/R1B2BNR w - - 1 17	a1a2 a1b1 a3a4 b2b3 b4a2 b4a6 b4c6 b4d3 b4d5 c2c3 c2c4 d2d3 d4a7 d4b6 d4c3 d4c4 d4c5 d4d3 d4d5 d4e3 d4e5 e2d1 e2d3 e2e1 e2f3 e4d5 f2f3 f2f4 g1f3 g1h3 g2g3 g2g4 g2h3	c2c3	r2k1b1r/1pp2ppp/7n/3np1q1/1N1QP3/P1P4b/1P1PKPPP/R1B2BNR b - - 0 17
r2k1b1r/1pp2ppp/7n/3np1q1/1N1QP3/P1P4b/1P1PKPPP/R1B2BNR b - - 0 17	a8a3 a8a4 a8a5 a8a6 a8a7 a8b8 a8c8 b7b5 b7b6 c7c5 c7c6 d8c8 d8d7 d8e7 d8e8 e5d4 f7f5 f7f6 f8b4 f8c5 f8d6 f8e7 g5d2 g5e3 g5e7 g5f4 g5f5 g5f6 g5g2 g5g3 g5g4 g5g6 g5h4 g5h5 g7g6 h3c8 h3d7 h3e6 h3f5 h3g2 h3g4 h6f5 h6g4 h6g8 h8g8	a8a3	3k1b1r/1pp2ppp/7n/3np1q1/1N1QP3/r1P4b/1P1PKPPP/R1B2BNR w - - 0 18
3k1b1r/1pp2ppp/7n/3np1q1/1N1QP3/r1P4b/1P1PKPPP/R1B2BNR w - - 0 18	a1a2 a1a3 a1b1 b2a3 b2b3 b4a2 b4a6 b4c2 b4c6 b4d3 b4d5 c3c4 d2d3 d4a7 d4b6 d4c4 d4c5 d4d3 d4d5 d4e3 d4e5 e2d1 e2d3 e2e1 e2f3 e4d5 f2f3 f2f4 g1f3 g1h3 g2g3 g2g4 g2h3	d4d3	3k1b1r/1pp2ppp/7n/3np1q1/1N2P3/r1PQ3b/1P1PKPPP/R1B2BNR b - - 1 18
3k1b1r/1pp2ppp/7n/3np1q1/1N2P3/r1PQ3b/1P1PKPPP/R1B2BNR b - - 1 18	a3a1 a3a2 a3a4 a3a5 a3a6 a3a7 a3a8 a3b3 a3c3 b7b5 b7b6 c7c5 c7c6 d8c8 d8d7 d8e7 d8e8 f7f5 f7f6 f8b4 f8c5 f8d6 f8e7 g5d2 g5e3 g5e7 g5f4 g5f5 g5f6 g5g2 g5g3 g5g4 g5g6 g5h4 g5h5 g7g6 h3c8 h3d7 h3e6 h3f5 h3g2 h3g4 h6f5 h6g4 h6g8 h8g8	h3c8	2bk1b1r/1pp2ppp/7n/3np1q1/1N2P3/r1PQ4/1P1PKPPP/R1B2BNR w - - 2 19
2bk1b1r/1pp2ppp/7n/3np1q1/1N2P3/r1PQ4/1P1PKPPP/R1B2BNR w - - 2 19	a1a2 a1a3 a1b1 b2a3 b2b3 b4a2 b4a6 b4c2 b4c6 b4d5 c3c4 d3a6 d3b1 d3b5 d3c2 d3c4 d3d4 d3d5 d3e3 d3f3 d3g3 d3h3 e2d1 e2e1 e2f3 e4d5 f2f3 f2f4 g1f3 g1h3 g2g3 g2g4 h2h3 h2h4	h2h4	2bk1b1r/1pp2ppp/7n/3np1q1/1N2P2P/r1PQ4/1P1PKPP1/R1B2BNR b - h3 0 19
2bk1b1r/1pp2ppp/7n/3np1q1/1N2P2P/r1PQ4/1P1PKPP1/R1B2BNR b - h3 0 19	a3a1 a3a2 a3a4 a3a5 a3a6 a3a7 a3a8 a3b3 a3c3 b7b5 b7b6 c7c5 c7c6 c8d7 c8e6 c8f5 c8g4 c8h3 d8d7 d8e7 d8e8 f7f5 f7f6 f8b4 f8c5 f8d6 f8e7 g5d2 g5e3 g5e7 g5f4 g5f5 g5f6 g5g2 g5g3 g5g4 g5g6 g5h4 g5h5 g7g6 h6f5 h6g4 h6g8 h8g8	g7g6	2bk1b1r/1pp2p1p/6pn/3np1q1/1N2P2P/r1PQ4/1P1PKPP1/R1B2BNR w - - 0 20
2bk1b1r/1pp2p1p/6pn/3np1q1/1N2P2P/r1PQ4/1P1PKPP1/R1B2BNR w - - 0 20	a1a2 a1a3 a1b1 b2a3 b2b3 b4a2 b4a6 b4c2 b4c6 b4d5 c3c4 d3a6 d3b1 d3b5 d3c2 d3c4 d3d4 d3d5 d3e3 d3f3 d3g3 d3h3 e2d1 e2e1 e2f3 e4d5 f2f3 f2f4 g1f3 g1h3 g2g3 g2g4 h1h2 h1h3 h4g5 h4h5	d3c2	2bk1b1r/1pp2p1p/6pn/3np1q1/1N2P2P/r1P5/1PQPKPP1/R1B2BNR b - - 1 20
2bk1b1r/1pp2p1p/6pn/3np1q1/1N2P2P/r1P5/1PQPKPP1/R1B2BNR b - - 1 20	a3a1 a3a2 a3a4 a3a5 a3a6 a3a7 a3a8 a3b3 a3c3 b7b5 b7b6 c7c5 c7c6 c8d7 c8e6 c8f5 c8g4 c8h3 d5b4 d5b6 d5c3 d5e3 d5e7 d5f4 d5f6 d8d7 d8e7 d8e8 f7f5 f7f6 f8b4 f8c5 f8d6 f8e7 f8g7 g5d2 g5e3 g5e7 g5f4 g5f5 g5f6 g5g2 g5g3 g5g4 g5h4 g5h5 h6f5 h6g4 h6g8 h8g8	f8b4	2bk3r/1pp2p1p/6pn/3np1q1/1b2P2P/r1P5/1PQPKPP1/R1B2BNR w - - 0 21
2bk3r/1pp2p1p/6pn/3np1q1/1b2P2P/r1P5/1PQPKPP1/R1B2BNR w - - 0 21	a1a2 a1a3 a1b1 b2a3 b2b3 c2a4 c2b1 c2b3 c2d1 c2d3 c3b4 c3c4 d2d3 d2d4 e2d1 e2d3 e2e1 e2f3 e4d5 f2f3 f2f4 g1f3 g1h3 g2g3 g2g4 h1h2 h1h3 h4g5 h4h5	b2b3	2bk3r/1pp2p1p/6pn/3np1q1/1b2P2P/rPP5/2QPKPP1/R1B2BNR b - - 0 21
2bk3r/1pp2p1p/6pn/3np1q1/1b2P2P/rPP5/2QPKPP1/R1B2BNR b - - 0 21	a3a1 a3a2 a3a4 a3a5 a3a6 a3a7 a3a8 a3b3 b4a5 b4c3 b4c5 b4d6 b4e7 b4f8 b7b5 b7b6 c7c5 c7c6 c8d7 c8e6 c8f5 c8g4 c8h3 d5b6 d5c3 d5e3 d5e7 d5f4 d5f6 d8d7 d8e7 d8e8 f7f5 f7f6 g5d2 g5e3 g5e7 g5f4 g5f5 g5f6 g5g2 g5g3 g5g4 g5h4 g5h5 h6f5 h6g4 h6g8 h8e8 h8f8 h8g8	f7f6	2bk3r/1pp4p/5ppn/3np1q1/1b2P2P/rPP5/2QPKPP1/R1B2BNR w - - 0 22
2bk3r/1pp4p/5ppn/3np1q1/1b2P2P/rPP5/2QPKPP1/R1B2BNR w - - 0 22	a1a2 a1a3 a1b1 c1a3 c1b2 c2a2 c2b1 c2b2 c2d1 c2d3 c3b4 c3c4 d2d3 d2d4 e2d1 e2d3 e2e1 e2f3 e4d5 f2f3 f2f4 g1f3 g1h3 g2g3 g2g4 h1h2 h1h3 h4g5 h4h5	c3c4	2bk3r/1pp4p/5ppn/3np1q1/1bP1P2P/rP6/2QPKPP1/R1B2BNR b - - 0 22
2bk3r/1pp4p/5ppn/3np1q1/1bP1P2P/rP6/2QPKPP1/R1B2BNR b - - 0 22	a3a1 a3a2 a3a4 a3a5 a3a6 a3a7 a3a8 a3b3 b4a5 b4c3 b4c5 b4d2 b4d6 b4e7 b4f8 b7b5 b7b6 c7c5 c7c6 c8d7 c8e6 c8f5 c8g4 c8h3 d5b6 d5c3 d5e3 d5e7 d5f4 d8d7 d8e7 d8e8 f6f5 g5d2 g5e3 g5f4 g5f5 g5g2 g5g3 g5g4 g5h4 g5h5 h6f5 h6f7 h6g4 h6g8 h8e8 h8f8 h8g8	a3b3	2bk3r/1pp4p/5ppn/3np1q1/1bP1P2P/1r6/2QPKPP1/R1B2BNR w - - 0 23
2bk3r/1pp4p/5ppn/3np1q1/1bP1P2P/1r6/2QPKPP1/R1B2BNR w - - 0 23	a1a2 a1a3 a1a4 a1a5 a1a6 a1a7 a1a8 a1b1 c1a3 c1b2 c2a2 c2b1 c2b2 c2b3 c2c3 c2d1 c2d3 c4c5 c4d5 d2d3 d2d4 e2d1 e2e1 e4d5 f2f3 f2f4 g1f3 g1h3 g2g3 g2g4 h1h2 h1h3 h4g5 h4h5	c2b1	2bk3r/1pp4p/5ppn/3np1q1/1bP1P2P/1r6/3PKPP1/RQB2BNR b - - 1 23
2bk3r/1pp4p/5ppn/3np1q1/1bP1P2P/1r6/3PKPP1/RQB2BNR b - - 1 23	b3a3 b3b1 b3b2 b3c3 b3d3 b3e3 b3f3 b3g3 b3h3 b4a3 b4a5 b4c3 b4c5 b4d2 b4d6 b4e7 b4f8 b7b5 b7b6 c7c5 c7c6 c8d7 c8e6 c8f5 c8g4 c8h3 d5b6 d5c3 d5e3 d5e7 d5f4 d8d7 d8e7 d8e8 f6f5 g5d2 g5e3 g5f4 g5f5 g5g2 g5g3 g5g4 g5h4 g5h5 h6f5 h6f7 h6g4 h6g8 h8e8 h8f8 h8g8	b4a5	2bk3r/1pp4p/5ppn/b2np1q1/2P1P2P/1r6/3PKPP1/RQB2BNR w - - 2 24
2bk3r/1pp4p/5ppn/b2np1q1/2P1P2P/1r6/3PKPP1/RQB2BNR w - - 2 24	a1a2 a1a3 a1a4 a1a5 b1a2 b1b2 b1b3 b1c2 b1d3 c1a3 c1b2 c4c5 c4d5 d2d3 d2d4 e2d1 e2e1 e4d5 f2f3 f2f4 g1f3 g1h3 g2g3 g2g4 h1h2 h1h3 h4g5 h4h5	h1h3	2bk3r/1pp4p/5ppn/b2np1q1/2P1P2P/1r5R/3PKPP1/RQB2BN1 b - - 3 24
2bk3r/1pp4p/5ppn/b2np1q1/2P1P2P/1r5R/3PKPP1/RQB2BN1 b - - 3 24	a5b4 a5b6 a5c3 a5d2 b3a3 b3b1 b3b2 b3b4 b3b5 b3b6 b3c3 b3d3 b3e3 b3f3 b3g3 b3h3 b7b5 b7b6 c7c5 c7c6 c8d7 c8e6 c8f5 c8g4 c8h3 d5b4 d5b6 d5c3 d5e3 d5e7 d5f4 d8d7 d8e7 d8e8 f6f5 g5d2 g5e3 g5f4 g5f5 g5g2 g5g3 g5g4 g5h4 g5h5 h6f5 h6f7 h6g4 h6g8 h8e8 h8f8 h8g8	c8f5	3k3r/1pp4p/5ppn/b2npbq1/2P1P2P/1r5R/3PKPP1/RQB2BN1 w - - 4 25
3k3r/1pp4p/5ppn/b2npbq1/2P1P2P/1r5R/3PKPP1/RQB2BN1 w - - 4 25	a1a2 a1a3 a1a4 a1a5 b1a2 b1b2 b1b3 b1c2 b1d3 c1a3 c1b2 c4c5 c4d5 d2d3 d2d4 e2d1 e2e1 e4d5 e4f5 f2f3 f2f4 g1f3 g2g3 g2g4 h3b3 h3c3 h3d3 h3e3 h3f3 h3g3 h3h1 h3h2 h4g5 h4h5	g2g3	3k3r/1pp4p/5ppn/b2npbq1/2P1P2P/1r4PR/3PKP2/RQB2BN1 b - - 0 25
3k3r/1pp4p/5ppn/b2npbq1/2P1P2P/1r4PR/3PKP2/RQB2BN1 b - - 0 25	a5b4 a5b6 a5c3 a5d2 b3a3 b3b1 b3b2 b3b4 b3b5 b3b6 b3c3 b3d3 b3e3 b3f3 b3g3 b7b5 b7b6 c7c5 c7c6 d5b4 d5b6 d5c3 d5e3 d5e7 d5f4 d8c8 d8d7 d8e7 d8e8 f5c8 f5d7 f5e4 f5e6 f5g4 f5h3 g5d2 g5e3 g5f4 g5g3 g5g4 g5h4 g5h5 h6f7 h6g4 h6g8 h8e8 h8f8 h8g8	g5g4	3k3r/1pp4p/5ppn/b2npb2/2P1P1qP/1r4PR/3PKP2/RQB2BN1 w - - 1 26
3k3r/1pp4p/5ppn/b2npb2/2P1P1qP/1r4PR/3PKP2/RQB2BN1 w - - 1 26	e2e1 f2f3 g1f3	e2e1	3k3r/1pp4p/5ppn/b2npb2/2P1P1qP/1r4PR/3P1P2/RQB1KBN1 b - - 2 26
3k3r/1pp4p/5ppn/b2npb2/2P1P1qP/1r4PR/3P1P2/RQB1KBN1 b - - 2 26	a5b4 a5b6 a5c3 a5d2 b3a3 b3b1 b3b2 b3b4 b3b5 b3b6 b3c3 b3d3 b3e3 b3f3 b3g3 b7b5 b7b6 c7c5 c7c6 d5b4 d5b6 d5c3 d5e3 d5e7 d5f4 d8c8 d8d7 d8e7 d8e8 f5c8 f5d7 f5e4 f5e6 g4d1 g4e2 g4e4 g4f3 g4f4 g4g3 g4g5 g4h3 g4h4 g4h5 g6g5 h6f7 h6g8 h8e8 h8f8 h8g8	b7b5	3k3r/2p4p/5ppn/bp1npb2/2P1P1qP/1r4PR/3P1P2/RQB1KBN1 w - b6 0 27
3k3r/2p4p/5ppn/bp1npb2/2P1P1qP/1r4PR/3P1P2/RQB1KBN1 w - b6 0 27	a1a2 a1a3 a1a4 a1a5 b1a2 b1b2 b1b3 b1c2 b1d3 c1a3 c1b2 c4b5 c4c5 c4d5 e4d5 e4f5 f1d3 f1e2 f1g2 f2f3 f2f4 g1e2 g1f3 h3h1 h3h2 h4h5	f1e2	3k3r/2p4p/5ppn/bp1npb2/2P1P1qP/1r4PR/3PBP2/RQB1K1N1 b - - 1 27
3k3r/2p4p/5ppn/bp1npb2/2P1P1qP/1r4PR/3PBP2/RQB1K1N1 b - - 1 27	a5b4 a5b6 a5c3 a5d2 b3a3 b3b1 b3b2 b3b4 b3c3 b3d3 b3e3 b3f3 b3g3 b5b4 b5c4 c7c5 c7c6 d5b4 d5b6 d5c3 d5e3 d5e7 d5f4 d8c8 d8d7 d8e7 d8e8 f5c8 f5d7 f5e4 f5e6 g4e2 g4e4 g4f3 g4f4 g4g3 g4g5 g4h3 g4h4 g4h5 g6g5 h6f7 h6g8 h8e8 h8f8 h8g8	h8e8	3kr3/2p4p/5ppn/bp1npb2/2P1P1qP/1r4PR/3PBP2/RQB1K1N1 w - - 2 28
3kr3/2p4p/5ppn/bp1npb2/2P1P1qP/1r4PR/3PBP2/RQB1K1N1 w - - 2 28	a1a2 a1a3 a1a4 a1a5 b1a2 b1b2 b1b3 b1c2 b1d3 c1a3 c1b2 c4b5 c4c5 c4d5 e1d1 e1f1 e2d1 e2d3 e2f1 e2f3 e2g4 e4d5 e4f5 f2f3 f2f4 g1f3 h3h1 h3h2 h4h5	e2g4	3kr3/2p4p/5ppn/bp1npb2/2P1P1BP/1r4PR/3P1P2/RQB1K1N1 b - - 0 28
3kr3/2p4p/5ppn/bp1npb2/2P1P1BP/1r4PR/3P1P2/RQB1K1N1 b - - 0 28	a5b4 a5b6 a5c3 a5d2 b3a3 b3b1 b3b2 b3b4 b3c3 b3d3 b3e3 b3f3 b3g3 b5b4 b5c4 c7c5 c7c6 d5b4 d5b6 d5c3 d5e3 d5e7 d5f4 d8c8 d8d7 d8e7 e8e6 e8e7 e8f8 e8g8 e8h8 f5c8 f5d7 f5e4 f5e6 f5g4 g6g5 h6f7 h6g4 h6g8	e8g8	3k2r1/2p4p/5ppn/bp1npb2/2P1P1BP/1r4PR/3P1P2/RQB1K1N1 w - - 1 29
3k2r1/2p4p/5ppn/bp1npb2/2P1P1BP/1r4PR/3P1P2/RQB1K1N1 w - - 1 29	a1a2 a1a3 a1a4 a1a5 b1a2 b1b2 b1b3 b1c2 b1d3 c1a3 c1b2 c4b5 c4c5 c4d5 e1d1 e1e2 e1f1 e4d5 e4f5 f2f3 f2f4 g1e2 g1f3 g4d1 g4e2 g4f3 g4f5 g4h5 h3h1 h3h2 h4h5	g4h5	3k2r1/2p4p/5ppn/bp1npb1B/2P1P2P/1r4PR/3P1P2/RQB1K1N1 b - - 2 29
3k2r1/2p4p/5ppn/bp1npb1B/2P1P2P/1r4PR/3P1P2/RQB1K1N1 b - - 2 29	a5b4 a5b6 a5c3 a5d2 b3a3 b3b1 b3b2 b3b4 b3c3 b3d3 b3e3 b3f3 b3g3 b5b4 b5c4 c7c5 c7c6 d5b4 d5b6 d5c3 d5e3 d5e7 d5f4 d8c8 d8d7 d8e7 d8e8 f5c8 f5d7 f5e4 f5e6 f5g4 f5h3 g6g5 g6h5 g8e8 g8f8 g8g7 g8h8 h6f7 h6g4	f5e4	3k2r1/2p4p/5ppn/bp1np2B/2P1b2P/1r4PR/3P1P2/RQB1K1N1 w - - 0 30
3k2r1/2p4p/5ppn/bp1np2B/2P1b2P/1r4PR/3P1P2/RQB1K1N1 w - - 0 30	a1a2 a1a3 a1a4 a1a5 b1a2 b1b2 b1b3 b1c2 b1d3 b1e4 c1a3 c1b2 c4b5 c4c5 c4d5 e1d1 e1e2 e1f1 f2f3 f2f4 g1e2 g1f3 g3g4 h3h1 h3h2 h5d1 h5e2 h5f3 h5g4 h5g6	b1b2	3k2r1/2p4p/5ppn/bp1np2B/2P1b2P/1r4PR/1Q1P1P2/R1B1K1N1 b - - 1 30
3k2r1/2p4p/5ppn/bp1np2B/2P1b2P/1r4PR/1Q1P1P2/R1B1K1N1 b - - 1 30	a5b4 a5b6 a5c3 a5d2 b3a3 b3b2 b3b4 b3c3 b3d3 b3e3 b3f3 b3g3 b5b4 b5c4 c7c5 c7c6 d5b4 d5b6 d5c3 d5e3 d5e7 d5f4 d8c8 d8d7 d8e7 d8e8 e4b1 e4c2 e4d3 e4f3 e4f5 e4g2 e4h1 f6f5 g6g5 g6h5 g8e8 g8f8 g8g7 g8h8 h6f5 h6f7 h6g4	b3a3	3k2r1/2p4p/5ppn/bp1np2B/2P1b2P/r5PR/1Q1P1P2/R1B1K1N1 w - - 2 31
